Transaction ID,Date,Time,Type,Name,Emoji,Category,Amount,Currency,Local amount,Local currency,Notes and #tags,Address,Receipt,Description,Category split,Money Out,Money In
tx_0000AOEHlUBfniBEKxIhVr,04/10/2022,16:38:13,Faster payment,Ironman,,Income,50.0,GBP,50.0,GBP,Monzo,,,Monzo,,,50.0
tx_0000AOELki5z0MTnfWNyPS,04/10/2022,17:22:54,Card payment,Uber,üöñ,Transport,0.0,GBP,0.0,GBP,Active card check,,,Uber UK Rides          London        GBR,,0.0,
tx_0000AOEPZwBAhX6wFPEhRC,04/10/2022,18:05:46,Card payment,Uber Eats,üçΩ,Eating out,-27.02,GBP,-27.02,GBP,,,,UBER   * EATS PENDING  London        GBR,,-27.02,
tx_0000AOGdTu5DMuxmYRRySn,05/10/2022,19:50:59,Card payment,VOXI,üì± ,Bills,-10.0,GBP,-10.0,GBP,,,,WWW.VOXI.CO.UK         NEWBURY       GBR,,-10.0,
tx_0000AOMTqN8CDSgXHiXxwp,08/10/2022,15:31:15,Card payment,Morrisons,üçè,Groceries,-5.0,GBP,-5.0,GBP,,34-35 Copeland,,NISA LOCAL             PETERBOROUGH  GBR,,-5.0,
tx_0000AOMWXfgtHskInhXHZy,08/10/2022,16:01:29,Faster payment,Ironman,,Income,50.0,GBP,50.0,GBP,Monzo,,,Monzo,,,50.0
tx_0000AOMWaaobs3T2Y3XVEy,08/10/2022,16:02:01,Card payment,Trainline,üöÑ,Transport,-20.44,GBP,-20.44,GBP,,,,Trainline              London        GBR,,-20.44,
tx_0000AOMb3eVlbiwFhMWL3q,08/10/2022,16:52:05,Card payment,Trainline,üöÑ,Transport,-5.99,GBP,-5.99,GBP,,Holborn 120,,trainline              +443332022222 GBR,,-5.99,
tx_0000AONAw4UYj30MHAQYkb,08/10/2022,23:34:06,Faster payment,Ironman,,Income,50.0,GBP,50.0,GBP,Monzo,,,Monzo,,,50.0
tx_0000AONi5DZVdK28UrFu09,09/10/2022,05:45:31,Card payment,Bolt,üöñ,Transport,-7.5,GBP,-7.5,GBP,,Vana-Louna 39,,BOLT.EU/O/2210090545   London        GBR,,-7.5,
tx_0000AOO5F4hNm8L88aJwnK,09/10/2022,10:05:01,Card payment,EposNow,üçΩ,Eating out,-14.98,GBP,-14.98,GBP,,3 Whiting Road,,EposNow                Norwich       GBR,,-14.98,
tx_0000AOQKaWC4dFJ0qj7wZ8,10/10/2022,12:06:23,Card payment,Bolt,üöñ,Transport,-7.6,GBP,-7.6,GBP,,Vana-Louna 39,,BOLT.EU/O/2210101206   London        GBR,,-7.6,
tx_0000AOR7YcJjmzbR0HKVr1,10/10/2022,21:15:05,Card payment,Bolt,üöñ,Transport,-7.1,GBP,-7.1,GBP,,Vana-Louna 39,,BOLT.EU/O/2210102115   London        GBR,,-7.1,
tx_0000AOS227cQ5LSfwkvWE8,11/10/2022,07:47:54,Card payment,Trainline,üöÑ,Transport,-20.44,GBP,-20.44,GBP,,Holborn 120,,trainline              +443332022222 GBR,,-20.44,
tx_0000AOUO66JnRscR0TM5fV,12/10/2022,11:04:33,Card payment,Bolt,üöñ,Transport,-7.7,GBP,-7.7,GBP,,Vana-Louna 39,,BOLT.EU/O/2210121104   London        GBR,,-7.7,
tx_0000AOVAn1JqhsiZ5tmVQg,12/10/2022,20:10:09,Faster payment,Ironman,,Income,50.0,GBP,50.0,GBP,Monzo,,,Monzo,,,50.0
tx_0000AOVBBHPsVdBty8AYdR,12/10/2022,20:14:32,Card payment,Station Express Ca,üçé,Groceries,-12.5,GBP,-12.5,GBP,,,,SQ *STATION EXPRESS CA Peterborough  GBR,,-12.5,
tx_0000AOVBHMB1isFNRAfEAc,12/10/2022,20:15:38,Card payment,Bolt,üöñ,Transport,-7.0,GBP,-7.0,GBP,,Vana-Louna 39,,BOLT.EU/O/2210122015   London        GBR,,-7.0,
tx_0000AObReBhBcdRtH3gngI,15/10/2022,20:47:19,Card payment,Trainline,üöÑ,Transport,-20.44,GBP,-20.44,GBP,,Holborn 120,,trainline              +443332022222 GBR,,-20.44,
tx_0000AOck5lXETN6xtgc22m,16/10/2022,11:48:42,Card payment,Jollibee,üçó,Eating out,-25.08,GBP,-25.08,GBP,,Humberstone Gate,,JOLLIBEE                GREAT BRITAI GBR,,-25.08,
tx_0000AOdFwyajkyKNiacefZ,16/10/2022,17:45:40,Faster payment,Ironman,,Income,50.0,GBP,50.0,GBP,Monzo,,,Monzo,,,50.0
tx_0000AOek5BXwfKYu4zbTIE,17/10/2022,10:58:01,Card payment,Bolt,üöñ,Transport,-7.6,GBP,-7.6,GBP,,Vana-Louna 39,,BOLT.EU/O/2210171057   London        GBR,,-7.6,
tx_0000AOfP6Ob3j8XRTvk1HX,17/10/2022,18:37:38,Card payment,WHSmith,üì∞,Groceries,-3.99,GBP,-3.99,GBP,,10 Station Square,,WH SMITH               COVENTRY RAIL GBR,,-3.99,
tx_0000AOfdaXDhd315E1zQpP,17/10/2022,21:19:57,Card payment,Bolt,üöñ,Transport,-6.9,GBP,-6.9,GBP,,Vana-Louna 39,,BOLT.EU/O/2210172119   London        GBR,,-6.9,
tx_0000AOhGsKswJrFTzj6KGJ,18/10/2022,16:14:53,Card payment,Trainline,üöÑ,Transport,-12.39,GBP,-12.39,GBP,,Holborn 120,,trainline              +443332022222 GBR,,-12.39,
tx_0000AOhHebpub9iRgetxeT,18/10/2022,16:23:36,Card payment,Trainline,üöÑ,Transport,-13.34,GBP,-13.34,GBP,,,,Trainline              London        GBR,,-13.34,
tx_0000AOhHx4AhzEg2jwT1tK,18/10/2022,16:26:56,Faster payment,Ironman,,Income,50.0,GBP,50.0,GBP,Monzo,,,Monzo,,,50.0
tx_0000AOjjb4270W7o5rVku3,19/10/2022,20:46:08,Card payment,Transport for London,üöÜ,Transport,-2.5,GBP,-2.5,GBP,,"Windsor House, 42-50 Victoria Street",,TfL Travel Charge      TFL.gov.uk/CP GBR,,-2.5,
tx_0000AOkkL7HXSFuiCPoKLR,20/10/2022,08:29:10,Card payment,District,üçΩ,Eating out,-7.0,GBP,-7.0,GBP,,"6 New Union Square, Embassy Gardens, Nine Elms",,iZ *D i s t r i c t    London        GBR,,-7.0,
tx_0000AOlWyD5gaSjLFboE8w,20/10/2022,17:34:04,Card payment,Trainline,üöÑ,Transport,-8.29,GBP,-8.29,GBP,,Holborn 120,,trainline              +443332022222 GBR,,-8.29,
tx_0000AOmyyqdgXTHPq9vfHt,21/10/2022,10:22:38,Card payment,Itsu,üç£,Eating out,-0.15,GBP,-0.15,GBP,,41-44 Great Queen Street,,ITSU 020 GRT QUEEN ST  LONDON  WC2B  GBR,,-0.15,
tx_0000AOnC6Wtb7w3AaCvuZp,21/10/2022,12:49:41,Card payment,M&S,üõç ,Shopping,-1.15,GBP,-1.15,GBP,,King's Boulevard,,M&S SIMPLY FOOD - SSP  KINGS CROSS   GBR,,-1.15,
tx_0000AOnF6roPezpcLNNcLy,21/10/2022,13:23:22,Card payment,Transport for London,üöÜ,Transport,-7.7,GBP,-7.7,GBP,"Travel charge for Thursday, 20 Oct",50 Victoria Street,,TFL TRAVEL CH\VICTORIA STREET\TFL.GOV.UK/CP\SW1H 0TL     GBR,,-7.7,
tx_0000AOoKUnT89apEqJ8Pg2,22/10/2022,01:58:25,Card payment,Transport for London,üöÜ,Transport,-5.0,GBP,-5.0,GBP,,"Windsor House, 42-50 Victoria Street",,TfL Travel Charge      TFL.gov.uk/CP GBR,,-5.0,
tx_0000AOpERFeB2aFJ8c54hJ,22/10/2022,12:25:16,Card payment,Petes Mini Market,üçé,Groceries,-2.99,GBP,-2.99,GBP,,90 Saint Neots Road,,PETES MINI MARKET      SANDY SG19    GBR,,-2.99,
tx_0000AOpHYpPyk9EhOPTEYc,22/10/2022,13:00:15,Card payment,McDonald‚Äôs,üçî,Eating out,-15.07,GBP,-15.07,GBP,,"Extra Baldock Msa, A1(m) Junction 10",,MCDONALDS              BALDOCK       GBR,,-15.07,
tx_0000AOq39jOSngjxQERPAf,22/10/2022,21:53:33,Faster payment,Ironman,,Income,50.0,GBP,50.0,GBP,Monzo,,,Monzo,,,50.0
tx_0000AOrZPVIsLWTeTC2rEv,23/10/2022,15:29:41,Card payment,Trainline,üöÑ,Transport,-33.84,GBP,-33.84,GBP,,,,Trainline              London        GBR,,-33.84,
tx_0000AOs2aHYegn6Nh9uxKF,23/10/2022,20:56:34,Faster payment,Ironman,,Income,30.0,GBP,30.0,GBP,Monzo,,,Monzo,,,30.0
tx_0000AOtGZuvQQkbkopXFr8,24/10/2022,11:08:05,Card payment,Bolt,üöñ,Transport,-7.6,GBP,-7.6,GBP,,Vana-Louna 39,,BOLT.EU/O/2210241108   London        GBR,,-7.6,
tx_0000AOttx0ZTV8HEOtyz22,24/10/2022,18:29:15,Card payment,M&S,üõç ,Shopping,-5.55,GBP,-5.55,GBP,,STATION SQUARE,,M&S SIMPLY FOOD SSP    STATION/AIRPO GBR,,-5.55,
tx_0000AOuxEEmiP2KI0ILkDj,25/10/2022,06:40:42,Card payment,Bolt,üöñ,Transport,-10.9,GBP,-10.9,GBP,,Vana-Louna 39,,BOLT.EU/O/2210250640   London        GBR,,-10.9,
tx_0000AOv0eKqylHbQ0rHQJt,25/10/2022,07:19:02,Card payment,Bolt,üöñ,Transport,-19.4,GBP,-19.4,GBP,,Vana-Louna 39,,BOLT.EU/O/2210250640   London        GBR,,-19.4,
tx_0000AOv0j0blSd5XlcaKVH,25/10/2022,07:19:52,Card payment,Bolt,üöñ,Transport,10.9,GBP,10.9,GBP,,Vana-Louna 39,,BOLT.EU/O/2210250640   London        GBR,,,10.9
tx_0000AOv24TL1wEFnoLMZkn,25/10/2022,07:34:57,Card payment,Bolt,üöñ,Transport,-11.0,GBP,-11.0,GBP,,Vana-Louna 39,,BOLT.EU/O/2210250734   London        GBR,,-11.0,
tx_0000AOvzuIFAKL5WNoUXZp,25/10/2022,18:45:25,Faster payment,Ironman,,Income,50.0,GBP,50.0,GBP,Monzo,,,Monzo,,,50.0
tx_0000AOw53BXX7WnJXuRucd,25/10/2022,19:43:03,Card payment,Trainline,üöÑ,Transport,-33.84,GBP,-33.84,GBP,,,,Trainline              London        GBR,,-33.84,
tx_0000AOwwPd9qPhIowEkypA,26/10/2022,05:40:58,Faster payment,Ironman,,Income,30.0,GBP,30.0,GBP,Monzo,,,Monzo,,,30.0
tx_0000AOxJzswjUGbPu5m1MP,26/10/2022,10:05:14,Card payment,Bolt,üöñ,Transport,-7.6,GBP,-7.6,GBP,,Vana-Louna 39,,BOLT.EU/O/2210261005   London        GBR,,-7.6,
tx_0000AOxwklnHh5RdqUnVh3,26/10/2022,17:19:30,Card payment,M&S,üõç ,Shopping,-2.0,GBP,-2.0,GBP,,STATION SQUARE,,M&S SIMPLY FOOD SSP    STATION/AIRPO GBR,,-2.0,
tx_0000AOyDq3bkaVUl5I9lkj,26/10/2022,20:30:57,Card payment,Bolt,üöñ,Transport,-7.1,GBP,-7.1,GBP,,Vana-Louna 39,,BOLT.EU/O/2210262030   London        GBR,,-7.1,
tx_0000AOzx16ETrNN1FLDOWP,27/10/2022,16:31:53,Card payment,Morrisons,üçè,Groceries,-1.0,GBP,-1.0,GBP,,34-35 Copeland,,NISA LOCAL             PETERBOROUGH  GBR,,-1.0,
tx_0000AP3r98L85RTxXIjlxa,29/10/2022,13:44:57,Card payment,Morrisons,üçè,Groceries,-3.5,GBP,-3.5,GBP,,34-35 Copeland,,NISA LOCAL             PETERBOROUGH  GBR,,-3.5,
tx_0000AP5tehOkNYm79nNg5i,30/10/2022,13:22:29,Card payment,Trainline,üöÑ,Transport,-20.44,GBP,-20.44,GBP,,Holborn 120,,trainline              +443332022222 GBR,,-20.44,
tx_0000AP64l9mgqsO2pHf44H,30/10/2022,15:26:54,Card payment,ECigWizard,üí®,Shopping,-4.99,GBP,-4.99,GBP,,FENGATE TRADE PARK,,ECIGWIZARD             CAMBRIDGESHIR GBR,,-4.99,
tx_0000AP6HDy30labnusgDnV,30/10/2022,17:46:34,Faster payment,Ironman,,Income,50.0,GBP,50.0,GBP,Monzo,,,Monzo,,,50.0
tx_0000AP7xhWpyt7v8FxU2q1,31/10/2022,13:17:14,Card payment,Bolt,üöñ,Transport,-7.6,GBP,-7.6,GBP,,Vana-Louna 39,,BOLT.EU/O/2210311317   London        GBR,,-7.6,
tx_0000AP8f4AiDbxfb9Vv293,31/10/2022,21:23:09,Card payment,Bolt,üöñ,Transport,-7.1,GBP,-7.1,GBP,,Vana-Louna 39,,BOLT.EU/O/2210312123   London        GBR,,-7.1,
tx_0000AP8hRBc0dEAdo2kOYs,31/10/2022,21:49:43,Card payment,Bolt,üöñ,Transport,-7.5,GBP,-7.5,GBP,,Vana-Louna 39,,BOLT.EU/O/2210312123   London        GBR,,-7.5,
tx_0000AP8hXB4BZZPxLLf9c1,31/10/2022,21:50:48,Card payment,Bolt,üöñ,Transport,7.1,GBP,7.1,GBP,,Vana-Louna 39,,BOLT.EU/O/2210312123   London        GBR,,,7.1
tx_0000APAMHazdhWSZ81AHDN,01/11/2022,17:02:06,Card payment,Trainline,üöÑ,Transport,-20.44,GBP,-20.44,GBP,,Holborn 120,,trainline              +443332022222 GBR,,-20.44,
tx_0000APBzYFXIp08P6iNNo1,02/11/2022,11:56:49,Faster payment,Ironman,,Income,300.0,GBP,300.0,GBP,Monzo,,,Monzo,,,300.0
tx_0000APC1URNN3jutBxnOCo,02/11/2022,12:18:32,Card payment,Bolt,üöñ,Transport,-7.6,GBP,-7.6,GBP,,Vana-Louna 39,,BOLT.EU/O/2211021218   London        GBR,,-7.6,
tx_0000APCDnqqHnbw8tYMXnF,02/11/2022,14:36:30,Card payment,Trainline,üöÑ,Transport,-20.65,GBP,-20.65,GBP,,Holborn 120,,trainline              +443332022222 GBR,,-20.65,
tx_0000APCMyRVzCnRKTfZfbF,02/11/2022,16:19:16,Card payment,Bolt,üöñ,Transport,-7.4,GBP,-7.4,GBP,,Vana-Louna 39,,BOLT.EU/O/2211021619   London        GBR,,-7.4,
tx_0000APCcZl0RCPLIkzHTKj,02/11/2022,19:14:05,Card payment,Morrisons,üçè,Groceries,-15.05,GBP,-15.05,GBP,,34-35 Copeland,,NISA LOCAL             PETERBOROUGH  GBR,,-15.05,
tx_0000APChcmmfXq2jMhXMET,02/11/2022,20:10:39,Faster payment,Ironman,,Income,15.0,GBP,15.0,GBP,Monzo,,,Monzo,,,15.0
tx_0000APHmNWJjxLCIqV0woD,05/11/2022,06:57:29,Card payment,VOXI,üì± ,Bills,-10.0,GBP,-10.0,GBP,,,,WWW.VOXI.CO.UK         NEWBURY       GBR,,-10.0,
tx_0000APIFfbT8RGnpJmeGPJ,05/11/2022,12:25:41,Card payment,Vape Shop Outlet,üí®,Shopping,-2.99,GBP,-2.99,GBP,,4 - 6 Bridge Street,,VAPE SHOP OUTLET       CAMBRIDGESHIR GBR,,-2.99,
tx_0000APIHo24vaYIcDdsmF0,05/11/2022,12:49:37,Card payment,Mr Simms Olde Sweet Shope,üç¨,Groceries,-5.5,GBP,-5.5,GBP,,,,American Candy         Peterborough  GBR,,-5.5,
tx_0000APIk2hHxxprceZLuEs,05/11/2022,18:06:01,Card payment,Bolt,üöñ,Transport,-10.1,GBP,-10.1,GBP,,Vana-Louna 39,,BOLT.EU/O/2211051806   London        GBR,,-10.1,
tx_0000APIuzsgkDt7CdTnmYU,05/11/2022,20:08:46,Card payment,Bolt,üöñ,Transport,-9.7,GBP,-9.7,GBP,,Vana-Louna 39,,BOLT.EU/O/2211052008   London        GBR,,-9.7,
tx_0000APOgHFYE8moQpNCqjT,08/11/2022,14:52:06,Card payment,Vinted,üëï,Shopping,-0.95,GBP,-0.95,GBP,,109 Kesperry House,,MGP-VINTED             SE13XB LON    GBR,,-0.95,
tx_0000APR7mjkczg4DoyMPZK,09/11/2022,19:09:45,Card payment,Bolt,üöñ,Transport,-9.8,GBP,-9.8,GBP,,Vana-Louna 39,,BOLT.EU/O/2211091909   London        GBR,,-9.8,
tx_0000APRGKxvFbv6fv8yutI,09/11/2022,20:45:34,Card payment,Bolt,üöñ,Transport,-9.7,GBP,-9.7,GBP,,Vana-Louna 39,,BOLT.EU/O/2211092045   London        GBR,,-9.7,
tx_0000APZ7E8IRIUYaosn2tF,13/11/2022,15:41:11,Card payment,Trainline,üöÑ,Transport,-19.04,GBP,-19.04,GBP,,Holborn 120,,trainline              +443332022222 GBR,,-19.04,
tx_0000APatteStabkFD3zu77,14/11/2022,12:21:14,Card payment,Bolt,üöñ,Transport,-7.7,GBP,-7.7,GBP,,Vana-Louna 39,,BOLT.EU/O/2211141221   London        GBR,,-7.7,
tx_0000APbghA4HfrmWUITMDD,14/11/2022,21:28:01,Card payment,Bolt,üöñ,Transport,-7.1,GBP,-7.1,GBP,,Vana-Louna 39,,BOLT.EU/O/2211142128   London        GBR,,-7.1,
tx_0000APdPsJSNnXNE36b5XN,15/11/2022,17:28:59,Card payment,Trainline,üöÑ,Transport,-17.64,GBP,-17.64,GBP,,Holborn 120,,trainline              +443332022222 GBR,,-17.64,
tx_0000APertT3gZnNfjuiOcj,16/11/2022,10:17:38,Card payment,Bolt,üöñ,Transport,-7.7,GBP,-7.7,GBP,,Vana-Louna 39,,BOLT.EU/O/2211161017   London        GBR,,-7.7,
tx_0000APf9uXYB9y72axmXWE,16/11/2022,13:39:31,Card payment,WHSmith,üì∞,Groceries,-8.99,GBP,-8.99,GBP,,10 Station Square,,WH SMITH               COVENTRY RAIL GBR,,-8.99,
tx_0000APfbMGagVR57PHFy1S,16/11/2022,18:47:04,Card payment,M&S,üõç ,Shopping,-2.0,GBP,-2.0,GBP,,STATION SQUARE,,M&S SIMPLY FOOD SSP    STATION/AIRPO GBR,,-2.0,
tx_0000APfrDDAzQjQ0VLZ1Vb,16/11/2022,21:44:43,Card payment,Bolt,üöñ,Transport,-7.1,GBP,-7.1,GBP,,Vana-Louna 39,,BOLT.EU/O/2211162144   London        GBR,,-7.1,
tx_0000APlMX6kx4siHcmQ1Lt,19/11/2022,13:29:13,Card payment,Sainsbury‚Äôs,üçè,Groceries,-2.4,GBP,-2.4,GBP,,Bretton Centre,,SAINSBURYS SUPERMARKET PETERBOROUGH  GBR,,-2.4,
tx_0000APnaUhImX5NsiDnTBT,20/11/2022,15:15:05,Card payment,Morrisons,üçè,Groceries,-5.72,GBP,-5.72,GBP,,34-35 Copeland,,NISA LOCAL             PETERBOROUGH  GBR,,-5.72,
tx_0000APne0V3nsjSJEC5Zab,20/11/2022,15:54:26,Card payment,Trainline,üöÑ,Transport,-19.04,GBP,-19.04,GBP,,,,Trainline              London        GBR,,-19.04,
tx_0000APpPZH2ss28Y5SGVUZ,21/11/2022,12:22:04,Card payment,Bolt,üöñ,Transport,-7.8,GBP,-7.8,GBP,,Vana-Louna 39,,BOLT.EU/O/2211211222   London        GBR,,-7.8,
tx_0000APpjdeZlKEeeGkPeoj,21/11/2022,16:06:58,Card payment,Sodexo,üç≤,Eating out,-1.52,GBP,-1.52,GBP,,Priory Street,,SODEXO-COVENTRY UNI EN COVENTRY      GBR,,-1.52,
tx_0000APpxkGn9YDzdg0FPbV,21/11/2022,18:45:02,Card payment,M&S,üõç ,Shopping,-4.25,GBP,-4.25,GBP,,STATION SQUARE,,M&S SIMPLY FOOD SSP    STATION/AIRPO GBR,,-4.25,
tx_0000APqCd8wPq6VARBy1ZJ,21/11/2022,21:31:49,Card payment,Bolt,üöñ,Transport,-7.2,GBP,-7.2,GBP,,Vana-Louna 39,,BOLT.EU/O/2211212131   London        GBR,,-7.2,
tx_0000APrzjT4B18hB1WszRL,22/11/2022,18:16:43,Card payment,Trainline,üöÑ,Transport,-20.44,GBP,-20.44,GBP,,,,Trainline              London        GBR,,-20.44,
tx_0000APtY1BTOl4LQjuEzRL,23/11/2022,12:15:36,Card payment,Bolt,üöñ,Transport,-7.8,GBP,-7.8,GBP,,Vana-Louna 39,,BOLT.EU/O/2211231215   London        GBR,,-7.8,
tx_0000APtakzsaOZgf1XKjiL,23/11/2022,12:46:17,Card payment,Centralvape.shop,üí®,Shopping,-5.0,GBP,-5.0,GBP,,15 King Street,,CENTRALVAPE.SHOP       PETERBOROUGH  GBR,,-5.0,
tx_0000APtbYMi8IVz3yOpxlC,23/11/2022,12:55:13,Card payment,Vape Shop Outlet,üí®,Shopping,-15.97,GBP,-15.97,GBP,,4 - 6 Bridge Street,,VAPE SHOP OUTLET       CAMBRIDGESHIR GBR,,-15.97,
tx_0000APtbyGihC6Q4VfuSJ7,23/11/2022,12:59:54,Card payment,Self Employed,üöñ,Transport,-14.3,GBP,-14.3,GBP,,,,SumUp  *Self employed  Peterborough  GBR,,-14.3,
tx_0000APtcsgsZ7d7HFytKqo,23/11/2022,13:10:05,Card payment,Bolt,üöñ,Transport,-7.4,GBP,-7.4,GBP,,Vana-Louna 39,,BOLT.EU/O/2211231310   London        GBR,,-7.4,
tx_0000APteusYYsPzzxdhpuk,23/11/2022,13:32:54,Faster payment,Ironman,,Income,30.0,GBP,30.0,GBP,Monzo,,,Monzo,,,30.0
tx_0000APwHe4XDNDEwjiJbYf,24/11/2022,19:56:17,Card payment,Trainline,üöÑ,Transport,-28.84,GBP,-28.84,GBP,,,,Trainline              London        GBR,,-28.84,
tx_0000APwxhROr0vJQnYcchl,25/11/2022,03:47:30,Card payment,Trainline,üöÑ,Transport,19.85,GBP,19.85,GBP,,,,Trainline.COM\120 Holburn\London\EC1N 2TD  GBRGBR,,,19.85
tx_0000APxQvM86IoKKHrfZha,25/11/2022,09:14:57,Faster payment,Ironman,,Income,50.0,GBP,50.0,GBP,Monzo,,,Monzo,,,50.0
tx_0000APxsNp1f9so3P1NOB1,25/11/2022,14:22:38,Card payment,Sodexo Ltd - Coventry,üç≤,Eating out,-1.95,GBP,-1.95,GBP,,Coventry University,,SODEXO LTD - COVENTRY  COVENTRY      GBR,,-1.95,
tx_0000APyDmSd9euAZKmzOgT,25/11/2022,18:22:24,Card payment,Waitrose & Partners,üçè,Groceries,-17.0,GBP,-17.0,GBP,,Mayor's Walk,,WAITROSE               PETERBOROUGH  GBR,,-17.0,
tx_0000APyDx8rZUgwvmbi9yb,25/11/2022,18:24:20,Card payment,Trainline,üöÑ,Transport,-7.75,GBP,-7.75,GBP,,,,Trainline              London        GBR,,-7.75,
tx_0000AQ06OrSpMlHelsxcoc,26/11/2022,16:09:07,Card payment,Petes Mini Market,üçé,Groceries,-2.99,GBP,-2.99,GBP,,90 Saint Neots Road,,PETES MINI MARKET      SANDY SG19    GBR,,-2.99,
tx_0000AQ2UT7k5ZVCxEQ4NsH,27/11/2022,19:48:14,Card payment,Trainline,üöÑ,Transport,-20.44,GBP,-20.44,GBP,,,,Trainline              London        GBR,,-20.44,
tx_0000AQ3ztzdJ7bToqPVRAI,28/11/2022,13:15:09,Card payment,Bolt,üöñ,Transport,-7.8,GBP,-7.8,GBP,,Vana-Louna 39,,BOLT.EU/O/2211281315   London        GBR,,-7.8,
tx_0000AQ4hD5qAYxH6WvNOFg,28/11/2022,21:20:25,Card payment,Bolt,üöñ,Transport,-7.2,GBP,-7.2,GBP,,Vana-Louna 39,,BOLT.EU/O/2211282120   London        GBR,,-7.2,
tx_0000AQ4hSlbDaQPKPpHqwW,28/11/2022,21:23:15,Faster payment,Ironman,,Income,300.0,GBP,300.0,GBP,Monzo,,,Monzo,,,300.0
tx_0000AQ6FPRnwJm6XEriIwz,29/11/2022,15:18:20,Card payment,Trainline,üöÑ,Transport,-20.44,GBP,-20.44,GBP,,,,Trainline              London        GBR,,-20.44,
tx_0000AQ7xzsiaJz7mbWSJyj,30/11/2022,11:12:39,Card payment,Bolt,üöñ,Transport,-7.8,GBP,-7.8,GBP,,Vana-Louna 39,,BOLT.EU/O/2211301112   London        GBR,,-7.8,
tx_0000AQ8bUjh9obBRJyofYH,30/11/2022,18:35:14,Card payment,M&S,üõç ,Shopping,-2.0,GBP,-2.0,GBP,,STATION SQUARE,,M&S SIMPLY FOOD SSP    STATION/AIRPO GBR,,-2.0,
tx_0000AQ8pnYXgu4Y1amFyqo,30/11/2022,21:15:30,Card payment,Bolt,üöñ,Transport,-7.3,GBP,-7.3,GBP,,Vana-Louna 39,,BOLT.EU/O/2211302115   London        GBR,,-7.3,
tx_0000AQAFsoAj0pC1aIN6FV,01/12/2022,13:42:29,Card payment,Holland Bazaar Ltd,üçé,Groceries,-134.27,GBP,-134.27,GBP,,1 Beddington Cross,,HOLLAND BAZAAR LTD     SURREY GREAT  GBR,,-134.27,
tx_0000AQAFxoSrLt6H4J3SVu,01/12/2022,13:43:23,Faster payment,Ironman,,Income,134.0,GBP,134.0,GBP,Monzo,,,Monzo,,,134.0
tx_0000AQEN6LO4J5JG5iG4Ju,03/12/2022,13:22:13,Card payment,ATM,üíµ,Finances,-20.0,GBP,-20.0,GBP,,Bretton Centre,,BRETTON CENTRE  Sainsb PETERBOROUGH  GBR,,-20.0,
tx_0000AQENoTvJvjUd8nIuvM,03/12/2022,13:30:12,Card payment,ME Group,üëï,General,-9.0,GBP,-9.0,GBP,,Church Road,,ME GROUP INTERNATIONAL SURREY        GBR,,-9.0,
tx_0000AQG0dh4imbpeK3wbrt,04/12/2022,08:19:57,Card payment,VOXI,üì± ,Bills,-10.0,GBP,-10.0,GBP,,,,WWW.VOXI.CO.UK         NEWBURY       GBR,,-10.0,
tx_0000AQNAKNbZJ9ALZTAFYf,07/12/2022,19:11:29,Card payment,Bolt,üöñ,Transport,-9.9,GBP,-9.9,GBP,,Vana-Louna 39,,BOLT.EU/O/2212071911   London        GBR,,-9.9,
tx_0000AQNIe9TQMBGSiWgjL8,07/12/2022,20:44:42,Card payment,Bolt,üöñ,Transport,-9.8,GBP,-9.8,GBP,,Vana-Louna 39,,BOLT.EU/O/2212072044   London        GBR,,-9.8,
tx_0000AQPdj2zWN7Q1PjnSfy,08/12/2022,23:50:19,Card payment,Uber Eats,üçΩ,Eating out,-24.72,GBP,-24.72,GBP,,,,UBER   * EATS PENDING  London        GBR,,-24.72,
tx_0000AQWisRktWpJSktg98E,12/12/2022,09:51:01,Card payment,Uber Eats,üçΩ,Eating out,1.64,GBP,1.64,GBP,,2 Leman Street                               ,,UBER   *EATS          \2 Leman Street                               \HELP.UBER.COM\EC1 8FA   GBRGBR,,,1.64
tx_0000AQXrHfZMIcIzZn4v5N,12/12/2022,22:59:56,Card payment,Uber Eats,üçΩ,Eating out,-10.07,GBP,-10.07,GBP,,,,UBER   * EATS PENDING  London        GBR,,-10.07,
tx_0000AQXzGSixN4sFX56nlS,13/12/2022,00:29:21,Card payment,Uber Eats,üçΩ,Eating out,-0.94,GBP,-0.94,GBP,,"2 Leman StreetAldgate Tower, First Floor",,UBER* EATS             LONDON        GBR,,-0.94,
tx_0000AQbMgzJzg71g85K9sP,14/12/2022,15:36:00,Card payment,Bolt,üöñ,Transport,-7.5,GBP,-7.5,GBP,,Vana-Louna 39,,BOLT.EU/O/2212141535   London        GBR,,-7.5,
tx_0000AQbSDZCcJBPtmiACCw,14/12/2022,16:37:54,Card payment,Currys,üîå,Shopping,-19.99,GBP,-19.99,GBP,,UNIT 4,,CURRYS CAMBRIDGE       CAMBRIDGE     GBR,,-19.99,
tx_0000AQbV8ZV44gEZmsAMzJ,14/12/2022,17:10:37,Card payment,Bolt,üöñ,Transport,-7.4,GBP,-7.4,GBP,,Vana-Louna 39,,BOLT.EU/O/2212141710   London        GBR,,-7.4,
tx_0000AQbpfvXx7nWo4BOb6A,14/12/2022,21:00:45,Monzo-to-Monzo,Superman,,Transfers,-47.0,GBP,-47.0,GBP,,,,,,-47.0,
tx_0000AQfgAmX6SvHIk1Yfo4,16/12/2022,17:33:07,Card payment,Vinted,üëï,Shopping,-33.69,GBP,-33.69,GBP,,109 Kesperry House,,MGP-VINTED             SE13XB LON    GBR,,-33.69,
tx_0000AQhNXEXBWotCjlDefF,17/12/2022,13:13:42,Card payment,Morrisons,üçè,Groceries,-11.8,GBP,-11.8,GBP,,34-35 Copeland,,NISA LOCAL             PETERBOROUGH  GBR,,-11.8,
tx_0000AQhzzH6fM30ar05fXd,17/12/2022,20:24:34,Monzo-to-Monzo,Superman,,General,-27.0,GBP,-27.0,GBP,,,,,,-27.0,
tx_0000AQjTox7M0eiJ7YdA8b,18/12/2022,13:33:34,Card payment,Subway,ü•ñ,Eating out,-6.28,GBP,-6.28,GBP,,Unit 3,,SUBWAY 66053 Bretton C Peterborough  GBR,,-6.28,
tx_0000AQlW0x2WiIcxkjHiOv,19/12/2022,13:07:34,Card payment,Greggs,ü•ñ,Eating out,-2.55,GBP,-2.55,GBP,,9 Bretton Way,,GREGGS                 BRETTON       GBR,,-2.55,
tx_0000AQlWfD9wCUemHhWVKT,19/12/2022,13:14:50,Card payment,McColl‚Äôs,üçè,Groceries,-10.0,GBP,-10.0,GBP,,14 & 15 BRETTON CENTRE,,MARTIN MCCOLL          PETERBOROUGH  GBR,,-10.0,
tx_0000AQlyy1Ln7x2Q52dCOv,19/12/2022,18:31:59,Card payment,Trainline,üöÑ,Transport,-28.49,GBP,-28.49,GBP,,Holborn 120,,trainline              +443332022222 GBR,,-28.49,
tx_0000AQn8QmQMnLn2vmWGvK,20/12/2022,07:52:44,Monzo-to-Monzo,Superman,,General,50.0,GBP,50.0,GBP,,,,,,,50.0
tx_0000AQnVOQbbF9uCYlj9RE,20/12/2022,12:10:01,Card payment,Greggs,ü•ñ,Eating out,-2.55,GBP,-2.55,GBP,,9 Bretton Way,,GREGGS                 BRETTON       GBR,,-2.55,
tx_0000AQpenUVl99xWugsieo,21/12/2022,13:04:49,Card payment,Morrisons,üçè,Groceries,-11.7,GBP,-11.7,GBP,,34-35 Copeland,,NISA LOCAL             PETERBOROUGH  GBR,,-11.7,
tx_0000AQq1PxQGIl1dDcy0KB,21/12/2022,17:18:17,Card payment,Uber Eats,üçΩ,Eating out,-21.74,GBP,-21.74,GBP,,,,UBER   * EATS PENDING  London        GBR,,-21.74,
tx_0000AQrgzeZ6BI5opeFLfN,22/12/2022,12:38:51,Card payment,Transport for London,üöÜ,Transport,-6.65,GBP,-6.65,GBP,"Travel charge for Thursday, 22 Dec","Windsor House, 42-50 Victoria Street",,TfL Travel Charge      TFL.gov.uk/CP GBR,,-6.65,
tx_0000AQsVnQyrxN4Fp5NQ2c,22/12/2022,22:08:06,Monzo-to-Monzo,Superman,,General,-7.0,GBP,-7.0,GBP,,,,,,-7.0,
tx_0000AQtAA9o1yVHFgqyaKv,23/12/2022,05:40:24,Faster payment,SYFT ONLIN LTDSW FMQ,,Income,110.45,GBP,110.45,GBP,Syft Pay,,,Syft Pay,,,110.45
tx_0000AQuR2dm4YtULJHf615,23/12/2022,20:24:14,Card payment,Trainline,üöÑ,Transport,-10.0,GBP,-10.0,GBP,,Holborn 120,,trainline              +443332022222 GBR,,-10.0,
tx_0000AQuRFmTpVOKX9dKN73,23/12/2022,20:26:37,Monzo-to-Monzo,Superman,,General,-10.0,GBP,-10.0,GBP,,,,,,-10.0,
tx_0000AQvUK7c9MgGCsbwOBv,24/12/2022,08:35:44,Card payment,Premier Food News And,üì∞,Groceries,-11.9,GBP,-11.9,GBP,,31 Tyesdale,,PREMIER FOOD NEWS AND   GREAT BRITAI GBR,,-11.9,
tx_0000AQvmeySgO64guqlhnl,24/12/2022,12:01:11,Card payment,Greggs,ü•ñ,Eating out,-2.55,GBP,-2.55,GBP,,9 Bretton Way,,GREGGS                 BRETTON       GBR,,-2.55,
tx_0000AQvnA4nwr3MGhuoH0m,24/12/2022,12:06:48,Card payment,Transport for London,üöÜ,Transport,-3.3,GBP,-3.3,GBP,"Travel charge for Friday, 23 Dec",50 Victoria Street,,TFL TRAVEL CH\VICTORIA STREET\TFL.GOV.UK/CP\SW1H 0TL     GBR,,-3.3,
tx_0000AR0NKzvlgomSTXqZqE,26/12/2022,17:11:00,Monzo-to-Monzo,Superman,,General,21.0,GBP,21.0,GBP,,,,,,,21.0
tx_0000AR0NP2JUlyupbYVuip,26/12/2022,17:11:44,Card payment,Myeliquidsupplies,üí®,Shopping,-40.68,GBP,-40.68,GBP,,SWAN LANE MILL,,MYELIQUIDSUPPLIES      BOLTON        GBR,,-40.68,
tx_0000AR40eaBDcTLD8qSYQD,28/12/2022,11:15:41,Card payment,Bolt,üöñ,Transport,-7.8,GBP,-7.8,GBP,,Vana-Louna 39,,BOLT.EU/O/2212281115   London        GBR,,-7.8,
tx_0000AR429Xx03ez5CbUgiH,28/12/2022,11:32:29,Card payment,Trainline,üöÑ,Transport,-7.75,GBP,-7.75,GBP,,,,Trainline              London        GBR,,-7.75,
tx_0000AR42EcGLSAyYVOvxRp,28/12/2022,11:33:24,Card payment,Station Express Ca,üçé,Groceries,-7.0,GBP,-7.0,GBP,,,,SQ *STATION EXPRESS CA Peterborough  GBR,,-7.0,
tx_0000AR4RQMxAhEOxklPvOd,28/12/2022,16:15:38,Faster payment,Ironman,,Income,60.0,GBP,60.0,GBP,Monzo,,,Monzo,,,60.0
tx_0000AR4SULerYPDQpKw7ik,28/12/2022,16:27:34,Card payment,Air-SERV,‚õΩÔ∏è,General,-1.0,GBP,-1.0,GBP,,7564 - Co-Op Sandy,,NYA*Air-Serv           Aberystwyth   GBR,,-1.0,
tx_0000AR4feyZV1obMRZkNHd,28/12/2022,18:55:09,Card payment,Zizzi Bedford,üáÆüáπ,Eating out,-66.9,GBP,-66.9,GBP,,DANE STREET,,ZIZZI BEDFORD          BEDFORD       GBR,,-66.9,
tx_0000AR66fOsE85fBe4tEGX,29/12/2022,11:32:29,Card payment,Greggs,ü•ñ,Eating out,-3.25,GBP,-3.25,GBP,,9 Bretton Way,,GREGGS                 BRETTON       GBR,,-3.25,
tx_0000AR6bARHwCOfzuIc894,29/12/2022,17:14:14,Card payment,Poundland,üíµ,Groceries,-7.0,GBP,-7.0,GBP,,Bretton Way,,POUNDLAND              PETERBOROUGH  GBR,,-7.0,
tx_0000AR7btcG8RzlXzQuOm2,30/12/2022,04:57:07,Faster payment,SYFT ONLIN LTDSW FMQ,,Income,290.45,GBP,290.45,GBP,Syft Pay,,,Syft Pay,,,290.45
tx_0000AR7hJyFTofOPCozr97,30/12/2022,05:57:54,Monzo-to-Monzo,Superman,,General,-60.0,GBP,-60.0,GBP,,,,,,-60.0,
tx_0000AR90GOPqg5kVm2o0Vq,30/12/2022,21:04:52,Card payment,Sainsbury‚Äôs,üçè,Groceries,-2.95,GBP,-2.95,GBP,,Bretton Centre,,SAINSBURYS             PETERBOROUGH  GBR,,-2.95,
tx_0000AR94BsDOrCdiHR5k5h,30/12/2022,21:48:52,Card payment,Sainsbury‚Äôs,üçè,Groceries,-7.0,GBP,-7.0,GBP,,Bretton Centre,,SAINSBURYS             PETERBOROUGH  GBR,,-7.0,
tx_0000AR9O5iOkRRURBAjyMc,31/12/2022,01:31:51,Monzo-to-Monzo,Superman,,General,7.0,GBP,7.0,GBP,,,,,,,7.0
tx_0000AREihggiDba3Z8CVbF,02/01/2023,15:16:22,Card payment,Vape Shop Outlet,üí®,Shopping,-6.98,GBP,-6.98,GBP,,4 - 6 Bridge Street,,VAPE SHOP OUTLET       CAMBRIDGESHIR GBR,,-6.98,
tx_0000AREjWVfwvBbsMqChgA,02/01/2023,15:25:33,Card payment,McDonald‚Äôs,üçî,Eating out,-8.1,GBP,-8.1,GBP,,Queensgate Centre,,MCDONALD'S             PETERBOROUGH  GBR,,-8.1,
tx_0000ARGeuu6VdcYckRhtw2,03/01/2023,13:43:22,Card payment,Vinted,üëï,Shopping,-8.05,GBP,-8.05,GBP,,109 Kesperry House,,MGP-VINTED             SE13XB LON    GBR,,-8.05,
tx_0000ARM3jEhOi3uXd8vH2f,06/01/2023,04:14:56,Faster payment,SYFT ONLIN LTDSW FMQ,,Income,188.07,GBP,188.07,GBP,Syft Pay,,,Syft Pay,,,188.07
tx_0000ARMUXuM6hfJ82mvf3h,06/01/2023,09:15:25,Card payment,Vfs Visa Fee,,General,-45.69,GBP,-45.69,GBP,,,,VFS Visa Fee           UK            GBR,,-45.69,
tx_0000AROnGlnXYNfp1WUGdV,07/01/2023,11:54:39,Card payment,Uber Eats,üçΩ,Eating out,-10.27,GBP,-10.27,GBP,,,,UBER   * EATS PENDING  London        GBR,,-10.27,
tx_0000ARPcqIztCtDqqj9g3P,07/01/2023,21:32:31,Card payment,easyJet,üõ©,Holidays,-76.7,GBP,-76.7,GBP,,HANGAR 89.,,EASYJET                WWW.EASYJET.C GBR,,-76.7,
tx_0000ARPdiaiDYjUTV6NcDx,07/01/2023,21:42:20,Card payment,Post Office,üìÆ,General,-11.77,GBP,-11.77,GBP,,148 Old Street,,WWW.POSTOFFICE.CO.UK   01            GBR,,-11.77,
tx_0000ARSkpcsJCMtaeeeMev,09/01/2023,09:46:11,Card payment,VFS Joint Visa Application Centre,,General,-70.21,GBP,-70.21,GBP,,1 Rennie's Isle,,VF SERVICES (UK) LTD - EDINBURGH     GBR,,-70.21,
tx_0000ARSl4uJKeexfp5MMdt,09/01/2023,09:48:56,Faster payment,Ironman,,Income,250.0,GBP,250.0,GBP,Monzo,,,Monzo,,,250.0
tx_0000ARSs95uu93PfuL5vXt,09/01/2023,11:08:08,Card payment,Greggs,ü•ñ,Eating out,-4.65,GBP,-4.65,GBP,,Ocean Terminal,,GREGGS                 EDINBURGH     GBR,,-4.65,
tx_0000ARSwuz5rDVZrS4vHvt,09/01/2023,12:01:36,Monzo-to-Monzo,Superman,,General,-250.0,GBP,-250.0,GBP,,,,,,-250.0,
tx_0000ARTN5E8ejRs3SO4sIj,09/01/2023,16:54:47,Card payment,Mfg Dreadnought,‚õΩÔ∏è,Transport,-4.44,GBP,-4.44,GBP,,Stirling Road,,MFG DREADNOUGHT        CALLANDER     GBR,,-4.44,
tx_0000ARY4RMzZZK17Hk440H,11/01/2023,23:19:27,Card payment,Lebara,üì±,Bills,-5.0,GBP,-5.0,GBP,,,,Lebara Mobile Limited  London        GBR,,-5.0,
tx_0000ARb1f7xwW3Q4Ld3C0R,13/01/2023,09:32:27,Card payment,Trainline,üöÑ,Transport,-48.84,GBP,-48.84,GBP,,Holborn 120,,trainline              +443332022222 GBR,,-48.84,
tx_0000ARb4WMC2Y7ZbjI9bUo,13/01/2023,10:04:29,Card payment,VOXI,üì± ,Bills,-10.0,GBP,-10.0,GBP,,,,WWW.VOXI.CO.UK         NEWBURY       GBR,,-10.0,
tx_0000ARbAELHtmDnG0ik2fx,13/01/2023,11:08:27,Card payment,Bolt,üöñ,Transport,-7.0,GBP,-7.0,GBP,,Vana-Louna 39,,BOLT.EU/O/2301131108   London        GBR,,-7.0,
tx_0000ARbBG6kysDGcJS9917,13/01/2023,11:19:59,Card payment,Trainline,üöÑ,Transport,-7.75,GBP,-7.75,GBP,,Holborn 120,,trainline              +443332022222 GBR,,-7.75,
tx_0000ARdKQa0oFGe4gObLlq,14/01/2023,12:12:08,Card payment,Co-op,üçè,Groceries,-3.5,GBP,-3.5,GBP,,Great North Road,,CO-OP GROUP PETROL     SANDY         GBR,,-3.5,
tx_0000ARdPiDgIVcOKvRRuUb,14/01/2023,13:11:21,Monzo-to-Monzo,Wonderwoman,,General,-34.0,GBP,-34.0,GBP,,,,,,-34.0,
tx_0000ARh2aX4ozaZzgOOsev,16/01/2023,07:11:06,Card payment,Bolt,üöñ,Transport,-7.1,GBP,-7.1,GBP,,Vana-Louna 39,,BOLT.EU/O/2301160711   London        GBR,,-7.1,
tx_0000ARha9ouDzcrUMtbQw7,16/01/2023,13:27:14,Card payment,Five Guys,üçî,Eating out,-14.45,GBP,-14.45,GBP,,Broadgate,,FIVE GUYS COVENTRY     COVENTRY      GBR,,-14.45,
tx_0000ARjcVD301EZ71wk66c,17/01/2023,13:02:56,Card payment,Nisa Local,üçè‚úâÔ∏è,Groceries,-4.09,GBP,-4.09,GBP,,27 Hales Street,,DOUGALL OFF LICENCE LI COVENTRY      GBR,,-4.09,
tx_0000ARkFbD0YyT7GrHSFVr,17/01/2023,20:21:01,Card payment,Nisa Local,üçè‚úâÔ∏è,Groceries,-2.39,GBP,-2.39,GBP,,27 Hales Street,,DOUGALL OFF LICENCE LI COVENTRY      GBR,,-2.39,
tx_0000ARkIw8ZYxasd2tUqg5,17/01/2023,20:58:25,Monzo-to-Monzo,Superman,,General,30.0,GBP,30.0,GBP,,,,,,,30.0
tx_0000ARlaCRRITW0X6UtdmT,18/01/2023,11:46:33,Card payment,McDonald‚Äôs,üçî,Eating out,-4.99,GBP,-4.99,GBP,,Smithford Way,,MCDONALD'S             COVENTRY      GBR,,-4.99,
tx_0000ARnfw9bhziXwB4tsCQ,19/01/2023,12:00:16,Card payment,McDonald‚Äôs,üçî,Eating out,-4.39,GBP,-4.39,GBP,,Smithford Way,,MCDONALD'S             COVENTRY      GBR,,-4.39,
tx_0000ARnx2xIzpSRxljQvyr,19/01/2023,15:11:59,Card payment,McDonald‚Äôs,üçî,Eating out,-4.99,GBP,-4.99,GBP,,Smithford Way,,MCDONALD'S             COVENTRY      GBR,,-4.99,
tx_0000ARpYNWdS4daYpVVXUZ,20/01/2023,09:45:00,Card payment,Bolt,üöñ,Transport,-5.5,GBP,-5.5,GBP,,Vana-Louna 39,,BOLT.EU/O/2301200944   London        GBR,,-5.5,
tx_0000ARpZV8kmqhW3C0rY7l,20/01/2023,09:57:35,Card payment,M&S,üõç ,Shopping,-4.5,GBP,-4.5,GBP,,STATION SQUARE,,M&S SIMPLY FOOD SSP    STATION/AIRPO GBR,,-4.5,
tx_0000ARps9OlAYY0qwzGofx,20/01/2023,13:26:33,Card payment,Bolt,üöñ,Transport,-6.6,GBP,-6.6,GBP,,Vana-Louna 39,,BOLT.EU/O/2301201326   London        GBR,,-6.6,
tx_0000ARpvFHqVTTprkZNr2x,20/01/2023,14:01:13,Card payment,Bolt,üöñ,Transport,-8.1,GBP,-8.1,GBP,,Vana-Louna 39,,BOLT.EU/O/2301201326   London        GBR,,-8.1,
tx_0000ARpvLqfwtKesrpSNlJ,20/01/2023,14:02:24,Card payment,Bolt,üöñ,Transport,6.6,GBP,6.6,GBP,,Vana-Louna 39,,BOLT.EU/O/2301201326   London        GBR,,,6.6
tx_0000ARs1EF8j2RcWiQ6gl7,21/01/2023,14:17:41,Card payment,Sainsbury‚Äôs,üçè,Groceries,-16.5,GBP,-16.5,GBP,,Bretton Centre,,SAINSBURYS             PETERBOROUGH  GBR,,-16.5,
tx_0000ARs2O94yWfUClkddq7,21/01/2023,14:30:41,Faster payment,Ironman,,Income,16.5,GBP,16.5,GBP,Monzo,,,Monzo,,,16.5
tx_0000ARtyg8kcTSoZx8pnf9,22/01/2023,12:58:32,Card payment,Wilko,üè°,Shopping,-5.0,GBP,-5.0,GBP,,High Street,,WILKO RETAIL LIMITED   ACTON         GBR,,-5.0,
tx_0000ASExTTcLYtypgG3K5J,01/02/2023,15:53:59,Faster payment,Ironman,,Income,20.0,GBP,20.0,GBP,Monzo,,,Monzo,,,20.0
tx_0000ASFEwz1vY2d350pq4n,01/02/2023,19:09:48,Card payment,Bolt,üöñ,Transport,-8.9,GBP,-8.9,GBP,,Vana-Louna 39,,BOLT.EU/O/2302011909   London        GBR,,-8.9,
tx_0000ASFL9DhPQyZd0nnVNh,01/02/2023,20:19:14,Card payment,Bolt,üöñ,Transport,-8.9,GBP,-8.9,GBP,,Vana-Louna 39,,BOLT.EU/O/2302012019   London        GBR,,-8.9,
tx_0000ASFye4dV4pEvTQfDij,02/02/2023,03:41:49,Card payment,VOXI,üì± ,Bills,-10.0,GBP,-10.0,GBP,,,,WWW.VOXI.CO.UK         NEWBURY       GBR,,-10.0,
tx_0000ASIugqfddjm2VkmGiP,03/02/2023,13:41:38,Card payment,Trainline,üöÑ,Transport,-24.59,GBP,-24.59,GBP,,Holborn 120,,trainline              +443332022222 GBR,,-24.59,
tx_0000ASLq3BwhIsMWkEIyUz,04/02/2023,23:33:46,Faster payment,Ironman,,Income,50.0,GBP,50.0,GBP,Monzo,,,Monzo,,,50.0
tx_0000ASNAlkN6rVRrxjNx6f,05/02/2023,15:00:38,Card payment,Bolt,üöñ,Transport,-5.5,GBP,-5.5,GBP,,Vana-Louna 39,,BOLT.EU/O/2302051500   London        GBR,,-5.5,
tx_0000ASNESJgwEYDcQNmcVt,05/02/2023,15:41:57,Card payment,Nisa Local,üçè‚úâÔ∏è,Groceries,-5.97,GBP,-5.97,GBP,,27 Hales Street,,DOUGALL OFF LICENCE LI COVENTRY      GBR,,-5.97,
tx_0000ASPVZR4fGpvE23fXaT,06/02/2023,18:03:08,Card payment,PayPal,üí∏,General,0.0,GBP,0.0,GBP,Active card check,,,PAYPAL                 35314369001   GBR,,0.0,
tx_0000ASPX8MUIPnNgIQMPf2,06/02/2023,18:20:39,Faster payment,PAYPAL,,Income,1.0,GBP,1.0,GBP,PPWDL4JSJ22222VM88,,,PPWDL4JSJ22222VM88,,,1.0
tx_0000ASR4vcdGfYKUJqWlrF,07/02/2023,12:14:02,Card payment,McDonald‚Äôs,üçî,Eating out,-4.99,GBP,-4.99,GBP,,Smithford Way,,MCDONALD'S             COVENTRY      GBR,,-4.99,
tx_0000ASRJJkbI5uG7DMnxsA,07/02/2023,14:55:16,Card payment,Nisa Local,üçè‚úâÔ∏è,Groceries,-2.1,GBP,-2.1,GBP,,27 Hales Street,,DOUGALL OFF LICENCE LI COVENTRY      GBR,,-2.1,
tx_0000ASRL3ZJMV1PyIwSHyr,07/02/2023,15:14:45,Card payment,Trainline,üöÑ,Transport,-8.39,GBP,-8.39,GBP,,Holborn 120,,trainline              +443332022222 GBR,,-8.39,
tx_0000ASSqnVMMoZh3oVMSor,08/02/2023,08:45:07,Card payment,Bolt,üöñ,Transport,-5.5,GBP,-5.5,GBP,,Vana-Louna 39,,BOLT.EU/O/2302080845   London        GBR,,-5.5,
tx_0000AST9J4Uw1IvTMmJeGQ,08/02/2023,12:12:31,Card payment,Bolt,üöñ,Transport,-6.5,GBP,-6.5,GBP,,Vana-Louna 39,,BOLT.EU/O/2302081212   London        GBR,,-6.5,
tx_0000ASY5JaZHM8luPyRHtZ,10/02/2023,21:21:21,Faster payment,PAYPAL,,Income,23.62,GBP,23.62,GBP,PPWDL4JSJ2223ZN8JJ,,,PPWDL4JSJ2223ZN8JJ,,,23.62
tx_0000ASaCLrjNbULlFv004Q,11/02/2023,21:49:37,Card payment,Vinted,üëï,Shopping,-1.55,GBP,-1.55,GBP,,109 Kesperry House,,MGP-VINTED             SE13XB LON    GBR,,-1.55,
tx_0000ASbMH5002VWTtGQ61R,12/02/2023,11:15:31,Card payment,Vape Shop Outlet,üí®,Shopping,-8.99,GBP,-8.99,GBP,,4 - 6 Bridge Street,,VAPE SHOP OUTLET       CAMBRIDGESHIR GBR,,-8.99,
tx_0000ASbMK275E0VzC8OYlN,12/02/2023,11:16:03,Monzo-to-Monzo,Superman,,General,9.0,GBP,9.0,GBP,,,,,,,9.0
tx_0000ASbVpu0tm40gvam1ab,12/02/2023,13:02:39,Card payment,Wilko,üè°,Shopping,-4.0,GBP,-4.0,GBP,,High Street,,WILKO RETAIL LIMITED   ACTON         GBR,,-4.0,
tx_0000ASbWAcMEc6PurgNTJi,12/02/2023,13:06:23,Card payment,Bolt,üöñ,Transport,-7.0,GBP,-7.0,GBP,,Vana-Louna 39,,BOLT.EU/O/2302121306   London        GBR,,-7.0,
tx_0000ASbZaYVRr5LSJNkMy2,12/02/2023,13:44:42,Card payment,Bolt,üöñ,Transport,-13.0,GBP,-13.0,GBP,,Vana-Louna 39,,BOLT.EU/O/2302121306   London        GBR,,-13.0,
tx_0000ASbZfdvD9E7WYVDtMA,12/02/2023,13:45:37,Card payment,Bolt,üöñ,Transport,7.0,GBP,7.0,GBP,,Vana-Louna 39,,BOLT.EU/O/2302121306   London        GBR,,,7.0
tx_0000ASc8PmJreeTkMXvQ0H,12/02/2023,20:14:55,Card payment,Etsy,üõç,Shopping,0.0,GBP,0.0,GBP,Active card check,,,Etsy Ireland           Dublin 1      IRL,,0.0,
tx_0000AScW9Cp2GLNsHwGujx,13/02/2023,00:40:51,Card payment,Apple,üçé ,Entertainment,0.0,GBP,0.0,GBP,Active card check,,,APPLE.COM/BILL         APPLE.COM/BIL IRL,,0.0,
tx_0000AScWDLzu5hTxexSCa9,13/02/2023,00:41:36,Card payment,Apple,üçé ,Entertainment,-17.99,GBP,-17.99,GBP,,,,APPLE.COM/BILL         APPLE.COM/BIL IRL,,-17.99,
tx_0000ASfTIInlgQ5nGmtqk5,14/02/2023,10:53:00,Faster payment,Ironman,,Income,50.0,GBP,50.0,GBP,Monzo,,,Monzo,,,50.0
tx_0000ASfYLT44Tw2vWN9viE,14/02/2023,11:49:37,Card payment,Vape Shop Outlet,üí®,Shopping,-4.75,GBP,-4.75,GBP,,4 - 6 Bridge Street,,VAPE SHOP OUTLET       CAMBRIDGESHIR GBR,,-4.75,
tx_0000ASmDyScnJUAjCuhBSb,17/02/2023,17:04:20,Card payment,Yourparkingspace,üöó,Transport,-3.0,GBP,-3.0,GBP,,Bugsby way,,YOURPARKINGSPACE       CANARY WHARF  GBR,,-3.0,
tx_0000ASo1DwH6Rkw0701HVa,18/02/2023,13:50:53,Card payment,Corby Cinnabon,üç¥,Eating out,-5.48,GBP,-5.48,GBP,,WELDON ROAD,,CORBY CINNABON         CORBY         GBR,,-5.48,
tx_0000ASoYqTNp606To6SWvp,18/02/2023,20:07:37,Card payment,Bolt,üöñ,Transport,-8.9,GBP,-8.9,GBP,,Vana-Louna 39,,BOLT.EU/O/2302182007   London        GBR,,-8.9,
tx_0000ASoZ57y309hTnjr4TZ,18/02/2023,20:10:16,Card payment,Bolt,üöñ,Transport,8.9,GBP,8.9,GBP,,Vana-Louna 39,,BOLT.EU/O/2302182007   London        GBR,,,8.9
tx_0000ASoZI9xctyXvlfOkdd,18/02/2023,20:12:37,Card payment,Uber,üöñ,Transport,-12.05,GBP,-12.05,GBP,,2 Leman Street,,UBER   * PENDING       London        GBR,,-12.05,
tx_0000ASqkgR3ySFkVTv4iFX,19/02/2023,21:29:41,Card payment,Ali Express,üõçÔ∏è,Shopping,-14.67,GBP,-14.67,GBP,,"3rd Fl Davidson Building, 5 Southampton St. Covent Garden",,aliexpress             London        GBR,,-14.67,
tx_0000ASxDm2pHXjqslVXxtx,23/02/2023,00:23:55,Faster payment,Ironman,,Income,200.0,GBP,200.0,GBP,Monzo,,,Monzo,,,200.0
tx_0000AT2gzFTfgZcD3FLNZ3,25/02/2023,15:44:48,Card payment,Deliveroo,üçùü¶ò,Eating out,0.0,GBP,0.0,GBP,Active card check,,,DELIVEROO              +442036999977 GBR,,0.0,
tx_0000AT2h23h9wt3bhLjYLS,25/02/2023,15:45:18,Card payment,Deliveroo,üçùü¶ò,Eating out,0.0,GBP,0.0,GBP,Active card check,,,DELIVEROO              +442036999977 GBR,,0.0,
tx_0000AT2hAqIX82pzvFTRC7,25/02/2023,15:46:54,Card payment,Deliveroo,üçùü¶ò,Eating out,-31.14,GBP,-31.14,GBP,,,,DELIVEROO              +442036999977 GBR,,-31.14,
tx_0000AT4KN6f8Cbek5TbbrF,26/02/2023,10:40:49,Card payment,Trainline,üöÑ,Transport,-24.49,GBP,-24.49,GBP,,,,Trainline              London        GBR,,-24.49,
tx_0000AT6GVOG0esTDk2uiWn,27/02/2023,09:06:55,Card payment,Aldi,üçè,Groceries,-12.11,GBP,-12.11,GBP,,Flaxland,,ALDI STORES LTD        BRETTON       GBR,,-12.11,
tx_0000AT6WZ4VjcCXdK75HRh,27/02/2023,12:06:52,Card payment,Bolt,üöñ,Transport,-7.1,GBP,-7.1,GBP,,Vana-Louna 39,,BOLT.EU/O/2302271206   London        GBR,,-7.1,
tx_0000AT6lxBhS2LQu0HmEoT,27/02/2023,14:59:18,Card payment,Bolt,üöñ,Transport,-5.5,GBP,-5.5,GBP,,Vana-Louna 39,,BOLT.EU/O/2302271459   London        GBR,,-5.5,
tx_0000AT6pAY4sRoeuKdi1Yn,27/02/2023,15:35:20,Card payment,Nisa Local,üçè‚úâÔ∏è,Groceries,-4.49,GBP,-4.49,GBP,,27 Hales Street,,DOUGALL OFF LICENCE LI COVENTRY      GBR,,-4.49,
tx_0000AT9Ex72WeHtQGvgWsk,28/02/2023,19:33:39,Card payment,Nisa Local,üçè‚úâÔ∏è,Groceries,-4.38,GBP,-4.38,GBP,,27 Hales Street,,DOUGALL OFF LICENCE LI COVENTRY      GBR,,-4.38,
tx_0000ATBGL8q863DG9kgGaQ,01/03/2023,18:58:37,Card payment,Nisa Local,üçè‚úâÔ∏è,Groceries,-10.0,GBP,-10.0,GBP,,27 Hales Street,,DOUGALL OFF LICENCE LI COVENTRY      GBR,,-10.0,
tx_0000ATDCgySpLLSydXB6np,02/03/2023,17:27:10,Card payment,Nisa Local,üçè‚úâÔ∏è,Groceries,-9.52,GBP,-9.52,GBP,,27 Hales Street,,DOUGALL OFF LICENCE LI COVENTRY      GBR,,-9.52,
tx_0000ATEdDJBwbalPQchY81,03/03/2023,09:59:03,Card payment,Sodexo,üç≤,Eating out,-3.05,GBP,-3.05,GBP,,Priory Street,,SODEXO-COVENTRY UNI EN COVENTRY      GBR,,-3.05,
tx_0000ATEjk0pAW0LV1LLQ3O,03/03/2023,11:11:58,Card payment,Nisa Local,üçè‚úâÔ∏è,Groceries,-1.19,GBP,-1.19,GBP,,27 Hales Street,,DOUGALL OFF LICENCE LI COVENTRY      GBR,,-1.19,
tx_0000ATG0wlo3YVAKjGg1vV,04/03/2023,01:59:42,Card payment,VOXI,üì± ,Bills,-10.0,GBP,-10.0,GBP,,,,WWW.VOXI.CO.UK         NEWBURY       GBR,,-10.0,
tx_0000ATGVm8fJK71MsNlzv8,04/03/2023,07:45:08,Card payment,Bolt,üöñ,Transport,-5.5,GBP,-5.5,GBP,,Vana-Louna 39,,BOLT.EU/O/2303040745   London        GBR,,-5.5,
tx_0000ATGpzbmUNg5CkTVpND,04/03/2023,11:31:40,Card payment,McDonald‚Äôs,üçî,Eating out,-1.99,GBP,-1.99,GBP,,Queensgate Centre,,MCDONALD'S             PETERBOROUGH  GBR,,-1.99,
tx_0000ATIhIVqe9YgDr4dQf6,05/03/2023,09:03:40,Monzo-to-Monzo,Wonderwoman,,General,-40.0,GBP,-40.0,GBP,,,,,,-40.0,
tx_0000ATJ4a8HGpBgw3wPQdl,05/03/2023,13:24:34,Monzo-to-Monzo,Superman,,General,15.0,GBP,15.0,GBP,,,,,,,15.0
tx_0000ATJ5aTUi2cIJuXtwKg,05/03/2023,13:35:50,Card payment,Aldi,üçè,Groceries,-10.99,GBP,-10.99,GBP,,Flaxland,,ALDI STORES LTD        BRETTON       GBR,,-10.99,
tx_0000ATJ6MPgrUGzz3R1zjV,05/03/2023,13:44:30,Card payment,Subway,ü•ñ,Eating out,-5.19,GBP,-5.19,GBP,,Unit 3,,SUBWAY 66053 Bretton C Peterborough  GBR,,-5.19,
tx_0000ATRH6tQdo3UuVnW4W2,09/03/2023,12:22:38,Card payment,Trainline,üöÑ,Transport,-8.2,GBP,-8.2,GBP,,,,Trainline              London        GBR,,-8.2,
tx_0000ATRcFWUUYYkr9FQ9Ev,09/03/2023,16:19:30,Card payment,Bolt,üöñ,Transport,-7.1,GBP,-7.1,GBP,,Vana-Louna 39,,BOLT.EU/O/2303091619   London        GBR,,-7.1,
tx_0000ATVaKe3YQtGKiH61ly,11/03/2023,14:16:52,Card payment,Luxemistco,üõã,Shopping,-6.99,GBP,-6.99,GBP,,84 Tirrington Bretton,,LUXEMISTCO             +447443383302 GBR,,-6.99,
tx_0000ATVnm4T1e1jFEYeFMI,11/03/2023,16:47:29,Card payment,Deliveroo Plus,‚ûï,Bills,-3.49,GBP,-3.49,GBP,,,,DELIVEROO PLUS - UK    +442036999977 GBR,,-3.49,
tx_0000ATbt1tGqhobAgWWAfh,14/03/2023,15:14:38,Faster payment,Ironman,,Income,100.0,GBP,100.0,GBP,Monzo,,,Monzo,,,100.0
tx_0000ATbt7xvGK6e3NU1tMQ,14/03/2023,15:15:44,Card payment,Deliveroo,üçùü¶ò,Eating out,-44.69,GBP,-44.69,GBP,,"The River Building - Level 1, Cannon Bridge H",,DELIVEROO              +442036999977 GBR,,-44.69,
tx_0000ATiJist1m06QKJisoz,17/03/2023,17:42:00,Card payment,Primark,üëï,Shopping,-3.5,GBP,-3.5,GBP,,Msu 1,,PRIMARK 666            PETERBOROUGH  GBR,,-3.5,
tx_0000ATiKxmK8YVETLgigUt,17/03/2023,17:55:40,Card payment,Kokoro Peterborough,üçΩ,Eating out,-9.7,GBP,-9.7,GBP,,7 Cathedral Square,,Kokoro Peterborough    Peterborough  GBR,,-9.7,
tx_0000ATk7xpJGXldHDdgTsv,18/03/2023,14:39:40,Card payment,Menkind - Peterborough,üéÅ,Shopping,-8.0,GBP,-8.0,GBP,,87 Queensgate,,MENKIND - PETERBOROUGH PETERBOROUGH  GBR,,-8.0,
tx_0000ATlnSsfcOEKMVVA4i9,19/03/2023,09:59:24,Faster payment,Ironman,,Income,300.0,GBP,300.0,GBP,Monzo,,,Monzo,,,300.0
tx_0000ATlnXZTdB5IUzRV7De,19/03/2023,10:00:15,Card payment,Trainline,üöÑ,Transport,-22.04,GBP,-22.04,GBP,,,,Trainline              London        GBR,,-22.04,
tx_0000ATmqUaf6oDHveEvDaz,19/03/2023,22:08:02,Card payment,Ali Express,üõçÔ∏è,Shopping,-8.11,GBP,-8.11,GBP,,"3rd Fl Davidson Building, 5 Southampton St. Covent Garden",,aliexpress             London        GBR,,-8.11,
tx_0000ATnloF1SfV4oJwM8eX,20/03/2023,08:50:16,Faster payment,Stripe Payments UK Ltd,,Income,6.69,GBP,6.69,GBP,STRIPE,,,STRIPE,,,6.69
tx_0000ATnxMM7Htm6yZXb6p8,20/03/2023,10:59:41,Card payment,Stagecoach,üöå,General,-2.0,GBP,-2.0,GBP,,The Unite,,STGCOACH/CTYLINK       BUS TICKET    GBR,,-2.0,
tx_0000ATo3jv3ikU15ixcBbW,20/03/2023,12:11:11,Card payment,Poundland,üíµ,Groceries,-5.5,GBP,-5.5,GBP,,Broadway,,POUNDLAND LTD          PETERBOROUGH  GBR,,-5.5,
tx_0000ATo4lq809XBaxr63yj,20/03/2023,12:22:44,Card payment,Wilko,üè°,Shopping,-1.5,GBP,-1.5,GBP,,High Street,,WILKO RETAIL LIMITED   ACTON         GBR,,-1.5,
tx_0000AToLyrqMmgfVPLVVCb,20/03/2023,15:35:34,Card payment,Stagecoach,üöå,General,-2.0,GBP,-2.0,GBP,,The Unite,,STGCOACH/CTYLINK       BUS TICKET    GBR,,-2.0,
tx_0000AToRYgUOyZTR3EXeNN,20/03/2023,16:38:04,Card payment,Luxemistco,üõã,Shopping,-0.99,GBP,-0.99,GBP,,84 Tirrington Bretton,,LUXEMISTCO             +447443383302 GBR,,-0.99,
tx_0000AToXfAI1gvB9oRUj8T,20/03/2023,17:46:28,Card payment,Luxemistco,üõã,Shopping,0.99,GBP,0.99,GBP,,84 Tirrington Bretton,,LUXEMISTCO             +447443383302 GBR,,,0.99
tx_0000ATr10JSe4cQuxreO82,21/03/2023,22:24:40,Card payment,Ali Express,üõçÔ∏è,Shopping,-12.03,GBP,-12.03,GBP,,"3rd Fl Davidson Building, 5 Southampton St. Covent Garden",,aliexpress             London        GBR,,-12.03,
tx_0000ATryqWivu22qS5R0bL,22/03/2023,09:35:12,Card payment,Trainline,üöÑ,Transport,-22.04,GBP,-22.04,GBP,,,,Trainline              London        GBR,,-22.04,
tx_0000ATszN6XuRjlkJ6nuZm,22/03/2023,21:15:48,Card payment,Bolt,üöñ,Transport,-8.4,GBP,-8.4,GBP,,Vana-Louna 39,,BOLT.EU/O/2303222115   London        GBR,,-8.4,
tx_0000ATu8E8Ac8EOjyg7Zsx,23/03/2023,10:29:44,Card payment,Ali Express,üõçÔ∏è,Shopping,12.03,GBP,12.03,GBP,,"3rd Fl Davidson Building, 5 Southampton St. Covent Garden",,"aliexpress\3rd fl Davidson Building, 5 Southampton St. Covent Garden\London\WC2E 7HA  GBRGBR",,,12.03
tx_0000ATuA49NSzJYgZoHWW9,23/03/2023,10:50:20,Card payment,Stagecoach,üöå,General,-2.0,GBP,-2.0,GBP,,The Unite,,STGCOACH/CTYLINK       BUS TICKET    GBR,,-2.0,
tx_0000ATuI11yaqddhnDplez,23/03/2023,12:19:25,Card payment,Coventry Engineering &,üç≤,Eating out,-5.4,GBP,-5.4,GBP,,Coventry University,,COVENTRY ENGINEERING & COVENTRY      GBR,,-5.4,
tx_0000ATuhD7O73G5Lrgfr75,23/03/2023,17:01:43,Card payment,Coventry Engineering &,üç≤,Eating out,-1.65,GBP,-1.65,GBP,,Coventry University,,COVENTRY ENGINEERING & COVENTRY      GBR,,-1.65,
tx_0000ATuoSEbhC10ttgSry8,23/03/2023,18:22:53,Card payment,Trainline,üöÑ,Transport,-22.04,GBP,-22.04,GBP,,,,Trainline              London        GBR,,-22.04,
tx_0000ATv9CfaNDVttzNmFTm,23/03/2023,22:15:23,Card payment,Bolt,üöñ,Transport,-13.5,GBP,-13.5,GBP,,Vana-Louna 39,,BOLT.EU/O/2303232215   London        GBR,,-13.5,
tx_0000ATwEszPoZgx3Ib2iw5,24/03/2023,10:53:46,Card payment,Stagecoach,üöå,General,-2.0,GBP,-2.0,GBP,,The Unite,,STGCOACH/CTYLINK       BUS TICKET    GBR,,-2.0,
tx_0000ATwbaCSe92NImvrBzd,24/03/2023,15:08:05,Card payment,Tegtat Coventry,üçΩ,Eating out,-5.89,GBP,-5.89,GBP,,113 Gosford Street,,Tegtat Coventry        Coventry      GBR,,-5.89,
tx_0000ATx97gsLNlnGBySWtm,24/03/2023,21:23:54,Card payment,Bolt,üöñ,Transport,-6.1,GBP,-6.1,GBP,,Vana-Louna 39,,BOLT.EU/O/2303242123   London        GBR,,-6.1,
tx_0000AU0IcpeWHWn0U7tAI5,26/03/2023,09:54:31,Card payment,Stagecoach,üöå,General,-2.0,GBP,-2.0,GBP,,The Unite,,STGCOACH/CTYLINK       BUS TICKET    GBR,,-2.0,
tx_0000AU0PjcihSjspn1n4eQ,26/03/2023,11:14:10,Card payment,TK Maxx,üëïüëó,Shopping,-7.18,GBP,-7.18,GBP,,62 Bridge Street,,TK MAXX                PETERBOROUGH  GBR,,-7.18,
tx_0000AU0URlbYBrCHaelaqH,26/03/2023,12:06:58,Card payment,Poundland,üíµ,Groceries,-5.0,GBP,-5.0,GBP,,Broadway,,POUNDLAND LTD          PETERBOROUGH  GBR,,-5.0,
tx_0000AU0buRxizyH18xNqAD,26/03/2023,13:30:35,Card payment,Stagecoach,üöå,General,-2.0,GBP,-2.0,GBP,,The Unite,,STGCOACH/CTYLINK       BUS TICKET    GBR,,-2.0,
tx_0000AU3Lhohq6vhc7omrxZ,27/03/2023,21:13:09,Card payment,ChatGPT Subscription,üíª,Entertainment,-16.37,GBP,-20.0,USD,,548 Market Streetpmb 97273,,CHATGPT SUBSCRIPTION   +14158799686  CA ,,-16.37,
tx_0000AU5SIZtN8i1E72WaPZ,28/03/2023,21:36:27,Card payment,Vinted,üëï,Shopping,-0.1,GBP,-0.1,GBP,,109 Kesperry House,,MGP-VINTED             SE13XB LON    GBR,,-0.1,
tx_0000AU5SIgXIRCRvXejsQb,28/03/2023,21:36:29,Card payment,Vinted,üëï,Shopping,0.1,GBP,0.1,GBP,,109 Kesperry House,,MGP-VINTED             SE13XB LON    GBR,,,0.1
tx_0000AU6uoBFjH9LMDm7akb,29/03/2023,14:30:37,Card payment,Tim Hortons,‚òïÔ∏è,Eating out,-7.49,GBP,-7.49,GBP,,112-113 New Street,,TIM HORTONS UK 0056    BIRMINGHAM    GBR,,-7.49,
tx_0000AU8aBNizMV3q4TZ1sn,30/03/2023,09:48:56,Card payment,Morrisons,üçè,Groceries,-2.49,GBP,-2.49,GBP,,34-35 Copeland,,NISA LOCAL             PETERBOROUGH  GBR,,-2.49,
tx_0000AU942hLe1vWTO5MF7p,30/03/2023,15:23:31,Card payment,Vinted,üëï,Shopping,-24.59,GBP,-24.59,GBP,,109 Kesperry House,,MGP-VINTED             SE13XB LON    GBR,,-24.59,
tx_0000AUCikAImppSrHamdV4,01/04/2023,09:43:42,Card payment,easyJet,üõ©,Holidays,-15.98,GBP,-15.98,GBP,,,,"EASYJET                LUTON, BEDS   GBR",,-15.98,
tx_0000AUDDssf0tMzQNoGNBy,01/04/2023,15:32:38,Monzo-to-Monzo,Wonderwoman,,General,-10.0,GBP,-10.0,GBP,,,,,,-10.0,
tx_0000AUEnzWCSaadKldq2dO,02/04/2023,09:51:55,Card payment,Morrisons,üçè,Groceries,-4.84,GBP,-4.84,GBP,,34-35 Copeland,,NISA LOCAL             PETERBOROUGH  GBR,,-4.84,
tx_0000AUF99Gv8LoF51nHcgM,02/04/2023,13:48:59,Card payment,Greggs,ü•ñ,Eating out,-5.25,GBP,-5.25,GBP,,Unit 94 Queensgate Sc,,GREGGS PLC             PETERBOROUGH  GBR,,-5.25,
tx_0000AUFB3xIy3NDVoGvSt7,02/04/2023,14:10:26,Card payment,Vape Shop Outlet,üí®,Shopping,-12.48,GBP,-12.48,GBP,,4 - 6 Bridge Street,,VAPE SHOP OUTLET       CAMBRIDGESHIR GBR,,-12.48,
tx_0000AUGZ9rc4ijAstH4cvB,03/04/2023,06:15:08,Card payment,VOXI,üì± ,Bills,-10.0,GBP,-10.0,GBP,,,,WWW.VOXI.CO.UK         NEWBURY       GBR,,-10.0,
tx_0000AUGwyTefqz147DtAbi,03/04/2023,10:42:00,Faster payment,Vinted,,Income,45.0,GBP,45.0,GBP,Vinted,,,Vinted,,,45.0
tx_0000AUPDHai505njrIWy7W,07/04/2023,10:22:26,Card payment,Ali Express,üõçÔ∏è,Shopping,-24.43,GBP,-24.43,GBP,,"3rd Fl Davidson Building, 5 Southampton St. Covent Garden",,aliexpress             London        GBR,,-24.43,
tx_0000AUPvDYWpZ6fDhxhRvF,07/04/2023,18:34:43,Card payment,Vinted,üëï,Shopping,-11.2,GBP,-11.2,GBP,,109 Kesperry House,,MGP-VINTED             SE13XB LON    GBR,,-11.2,
tx_0000AUV6gPO8hJSqSmkNAh,10/04/2023,06:36:45,Card payment,Vinted,üëï,Shopping,11.2,GBP,11.2,GBP,,109 Kesperry House,,MGP-VINTED\109 Kesperry House\London\SE13XB       GBR,,,11.2
tx_0000AUVe4vKAuOgmwsBqUb,10/04/2023,12:50:56,Card payment,Ali Express,üõçÔ∏è,Shopping,-5.58,GBP,-5.58,GBP,,"3rd Fl Davidson Building, 5 Southampton St. Covent Garden",,aliexpress             London        GBR,,-5.58,
tx_0000AUicAty9BczcasmZP9,16/04/2023,19:00:51,Card payment,Morrisons,üçè,Groceries,-10.71,GBP,-10.71,GBP,,34-35 Copeland,,NISA LOCAL             PETERBOROUGH  GBR,,-10.71,
tx_0000AUmMYmBMy3HylNQpGL,18/04/2023,14:24:44,Faster payment,Ironman,,Income,300.0,GBP,300.0,GBP,Monzo,,,Monzo,,,300.0
tx_0000AUmNumPctRWtNBGbYX,18/04/2023,14:39:55,Card payment,Trainline,üöÑ,Transport,-8.9,GBP,-8.9,GBP,,Holborn 120,,trainline              +443332022222 GBR,,-8.9,
tx_0000AUmNyZa2Xo4hFwfLpS,18/04/2023,14:40:36,Monzo-to-Monzo,Superman,,General,-10.5,GBP,-10.5,GBP,,,,,,-10.5,
tx_0000AUmO2o6iTVUa0liILL,18/04/2023,14:41:22,Card payment,Bolt,üöñ,Transport,-6.7,GBP,-6.7,GBP,,Vana-Louna 39,,BOLT.EU/O/2304181441   London        GBR,,-6.7,
tx_0000AUmWlfR2Me6K5LazQn,18/04/2023,16:19:07,Card payment,McDonald‚Äôs,üçî,Eating out,-5.67,GBP,-5.67,GBP,,"Unit F1, Omega Centre Stratton Business Park",,MCDONALDS              BIGGLESWADE   GBR,,-5.67,
tx_0000AUoazS9RL1xLvinzXu,19/04/2023,16:15:51,Card payment,ATM,üíµ,Finances,-20.0,GBP,-20.0,GBP,,3-4 Wilmslow Road,,POST OFFICE            SANDY         GBR,,-20.0,
tx_0000AUokwS95twh6RTlwTR,19/04/2023,18:07:22,Card payment,Sainsbury S   Bigglesw,üöó,Transport,-0.5,GBP,-0.5,GBP,,Bells Brook,,SAINSBURY S   BIGGLESW BIGGLESWADE   GBR,,-0.5,
tx_0000AUpMCakxLrGtsVru7d,20/04/2023,01:04:52,Card payment,McDonald‚Äôs,üçî,Eating out,-7.76,GBP,-7.76,GBP,,"Unit F1, Omega Centre Stratton Business Park",,MCDONALDS              BIGGLESWADE   GBR,,-7.76,
tx_0000AUpaicg58rxxxJJfWb,20/04/2023,03:47:31,Monzo-to-Monzo,Wonderwoman,,General,-15.0,GBP,-15.0,GBP,,,,,,-15.0,
tx_0000AUpcnXGEuPayVnhOS1,20/04/2023,04:10:49,Card payment,VOXI,üì± ,Bills,-4.0,GBP,-4.0,GBP,,,,WWW.VOXI.CO.UK         NEWBURY       GBR,,-4.0,
tx_0000AUq8QMI8iv2uyCCqYM,20/04/2023,10:05:11,Card payment,ATM - Azienda Trasporti Milanesi,üöÖ,Transport,-3.89,GBP,-4.4,EUR,,"Foro Bonaparte, 61",,CLESS TICKET ATM MILAN MILANO        ITA,,-3.89,
tx_0000AUsLkO8FHIoQZVKFYQ,21/04/2023,11:43:54,Card payment,Autogrill 0128,üçΩ,Eating out,-15.85,GBP,-17.96,EUR,,A4 KM 120 BS-PD,,AUTOGRILL 0128         DESENZANO DEL ITA,,-15.85,
tx_0000AUuIUHBlPigDdtkiGH,22/04/2023,10:16:48,Card payment,VOXI,üì± ,Bills,-2.0,GBP,-2.0,GBP,,,,WWW.VOXI.CO.UK         NEWBURY       GBR,,-2.0,
tx_0000AUuKnIofmplOqg3Os5,22/04/2023,10:42:39,Card payment,VOXI,üì± ,Bills,-2.0,GBP,-2.0,GBP,,,,WWW.VOXI.CO.UK         NEWBURY       GBR,,-2.0,
tx_0000AUwI7cjRXUn8rSWf34,23/04/2023,09:22:07,Monzo-to-Monzo,Wonderwoman,,General,-120.0,GBP,-120.0,GBP,,,,,,-120.0,
tx_0000AUwNXmukns5nRjV62t,23/04/2023,10:22:53,Monzo-to-Monzo,Wonderwoman,,General,-12.0,GBP,-12.0,GBP,,,,,,-12.0,
tx_0000AUwPSNyYIUfgxLwuKf,23/04/2023,10:44:19,Card payment,KFC,üêîüçó,Eating out,-5.87,GBP,-5.87,GBP,,London Road,,KFC                    PETERBOROUGH  GBR,,-5.87,
tx_0000AV2oBrYmiIcHGo1weH,26/04/2023,12:49:43,Card payment,KFC,üêîüçó,Eating out,-9.49,GBP,-9.49,GBP,,PETERBOROUGH SERVICES,,KFC - PETERBOROUGH     PETERBOROUGH  GBR,,-9.49,
tx_0000AV4y66TpiR3PIUvuhW,27/04/2023,13:50:09,Card payment,Euro Car Parts,üöó,Transport,-10.99,GBP,-10.99,GBP,,,,EURO CAR PARTS P       PETERBOROUGH  GBR,,-10.99,
tx_0000AV5h5uibwOgdn955Bx,27/04/2023,22:14:21,Card payment,ChatGPT Subscription,üíª,Entertainment,-19.3,GBP,-24.0,USD,,548 Market Streetpmb 97273,,CHATGPT SUBSCRIPTION   +14158799686  CA ,,-19.3,
tx_0000AV8yQYY5qMQrl0EONV,29/04/2023,12:12:42,Card payment,Clearance Bargains,,Groceries,-5.98,GBP,-5.98,GBP,,Cronin Rd,,CLEARANCE BARGAINS     CORBY         GBR,,-5.98,
tx_0000AV8zCvt2NT17Tdkkdt,29/04/2023,12:21:26,Card payment,Corby Cinnabon,üç¥,Eating out,-16.79,GBP,-16.79,GBP,,WELDON ROAD,,CORBY CINNABON         CORBY         GBR,,-16.79,
tx_0000AV9edrKjVjWLgwpe5Z,29/04/2023,20:05:43,Card payment,Hollywood Bowl,üé≥,Entertainment,-10.0,GBP,-10.0,GBP,,Maylandsave,,NYX*HollywoodBowlGroup Peterborough  GBR,,-10.0,
tx_0000AV9ztcrx9bOqfNuDPm,30/04/2023,00:03:52,Card payment,VOXI,üì± ,Bills,2.0,GBP,2.0,GBP,,,,WWW.VOXI.CO.UK         NEWBURY       GBR,,,2.0
tx_0000AVBYeQVMX87SskXeWA,30/04/2023,18:08:00,Card payment,Morrisons,üçè,Groceries,-10.56,GBP,-10.56,GBP,,34-35 Copeland,,NISA LOCAL             PETERBOROUGH  GBR,,-10.56,
tx_0000AVGw2gaDfvMBcOUZ7p,03/05/2023,08:23:40,Card payment,VOXI,üì± ,Bills,-10.0,GBP,-10.0,GBP,,,,WWW.VOXI.CO.UK         NEWBURY       GBR,,-10.0,
tx_0000AVGx4kaZqvh8rfoby5,03/05/2023,08:35:14,Card payment,Sports Direct,üéæ,Shopping,-40.0,GBP,-40.0,GBP,,Bretton Centre,,SPORTSDIRECT 322                     GBR,,-40.0,
tx_0000AVJ23C1HmcAwFQ1IV0,04/05/2023,08:40:24,Card payment,Poundland LTD - 1532,,Groceries,-6.0,GBP,-6.0,GBP,,Bretton Way,,POUNDLAND LTD - 1532   PETERBOROUGH  GBR,,-6.0,
tx_0000AVLuZlM5j1xpwGFFPm,05/05/2023,18:00:47,Faster payment,Ironman,,Income,70.0,GBP,70.0,GBP,Monzo,,,Monzo,,,70.0
tx_0000AVLvEDSAg16ysLae3t,05/05/2023,18:08:06,Card payment,APCOA Parking,üöó,Transport,-6.0,GBP,-6.0,GBP,,Southern Perimeter Road,,APCOA-HAL-SS T4        MIDDLESEX     GBR,,-6.0,
tx_0000AVLxTtsrP3fX3OjnJi,05/05/2023,18:33:20,Card payment,BP,‚õΩÔ∏è,Transport,-30.19,GBP,-30.19,GBP,,Staines Road East,,BP KEMPTON PARK CONNEC SUNBURY ON TH GBR,,-30.19,
tx_0000AVLzlTjTZVtd4FrFNh,05/05/2023,18:58:56,Card payment,South Western Railway,üöÖ,Transport,-3.5,GBP,-3.5,GBP,,High Street,,SWRAILWAYSELFSERVE     SWTRAINS NEWM GBR,,-3.5,
tx_0000AVMIwUgCHz9PmR1NDO,05/05/2023,22:33:49,Monzo-to-Monzo,Wonderwoman,,General,-31.0,GBP,-31.0,GBP,,,,,,-31.0,
tx_0000AVNhKIpQawHYl3TlWT,06/05/2023,14:41:45,Card payment,Deliveroo,üçùü¶ò,Eating out,-14.32,GBP,-14.32,GBP,,,,DELIVEROO              +442036999977 GBR,,-14.32,
tx_0000AVNnx5VAg0Da0eiL4L,06/05/2023,15:55:59,Monzo-to-Monzo,Wonderwoman,,General,15.0,GBP,15.0,GBP,,,,,,,15.0
tx_0000AVWa92rUfSQCFYvSPB,10/05/2023,21:33:41,Card payment,Trainline,üöÑ,Transport,-11.39,GBP,-11.39,GBP,,Holborn 120,,trainline              +443332022222 GBR,,-11.39,
tx_0000AVXo3hKcsjbObDiVTl,11/05/2023,11:44:18,Card payment,Stagecoach,üöå,General,-2.0,GBP,-2.0,GBP,,The Unite,,STGCOACH/CTYLINK       BUS TICKET    GBR,,-2.0,
tx_0000AVYHoNXBCg7jxcRZtx,11/05/2023,17:17:41,Card payment,The Bentall Centre,üöó,Transport,-1.7,GBP,-1.7,GBP,,Wood Street,,BENTALL CENTRE         KINGSTON UPON GBR,,-1.7,
tx_0000AVc4SsUwsTzzbmFVOH,13/05/2023,13:06:58,Card payment,Central Oriental,üçè,Groceries,-4.8,GBP,-4.8,GBP,,63-65 London Road,,CENTRAL ORIENTAL       BEDS          GBR,,-4.8,
tx_0000AVh2Tex5V0aXldSIeR,15/05/2023,22:38:15,Faster payment,Ironman,,Income,300.0,GBP,300.0,GBP,Monzo,,,Monzo,,,300.0
tx_0000AVknj1LzlrGjHOGqfb,17/05/2023,18:11:48,Card payment,SumUp,üöñ,General,-10.0,GBP,-10.0,GBP,,62 Westgate,,SumUp  *SumUp          Peterborough  GBR,,-10.0,
tx_0000AVkwsUL6GthwDcLkg5,17/05/2023,19:54:22,Card payment,Z H Taxis,üöñ,Transport,-10.0,GBP,-10.0,GBP,,Oxford Road,,SumUp  *Z H TAXIS      Peterborough  GBR,,-10.0,
tx_0000AVm4X7Ezww88RSro6D,18/05/2023,08:54:51,Card payment,Trainline,üöÑ,Transport,-41.99,GBP,-41.99,GBP,,,,Trainline              London        GBR,,-41.99,
tx_0000AVnkaf7soO1l4rlN4L,19/05/2023,04:20:49,Card payment,A2B Radio Cars,üöñ,Transport,-6.5,GBP,-6.5,GBP,,,,SumUp  *A2B            peterborough  GBR,,-6.5,
tx_0000AVo2KJo46md3gaV6Ez,19/05/2023,07:39:33,Card payment,Subway,ü•ñ,Eating out,-6.17,GBP,-6.17,GBP,,Unit 3 Far Gosford Street,,SUBWAY 69742 Coventry  Coventry      GBR,,-6.17,
tx_0000AVo3H12lVnJRYzKkPC,19/05/2023,07:50:09,Card payment,Subway,ü•ñ,Eating out,-1.49,GBP,-1.49,GBP,,Unit 3 Far Gosford Street,,SUBWAY 69742 Coventry  Coventry      GBR,,-1.49,
tx_0000AVpQp4rsI9MMlDtuML,19/05/2023,23:48:44,Card payment,Stagecoach,üöå,General,-2.0,GBP,-2.0,GBP,,Daw Bank,,STGCOACH/CTYLINK       BUS TICKET    GBR,,-2.0,
tx_0000AVqEN6Tfi0WqnFKDdj,20/05/2023,09:03:56,Card payment,Morrisons,üçè,Groceries,-11.86,GBP,-11.86,GBP,,34-35 Copeland,,NISA LOCAL             PETERBOROUGH  GBR,,-11.86,
tx_0000AVqb0Mz4TDCsix2RnN,20/05/2023,13:17:33,Card payment,National Tyre Service,üöó,Transport,-29.99,GBP,-29.99,GBP,,Bourges Boulevard,,NATIONAL TYRE SERVICE  PETERBOROUGH  GBR,,-29.99,
tx_0000AVqfvZDW3nzXgYrMRd,20/05/2023,14:12:42,Card payment,Ali Express,üõçÔ∏è,Shopping,-9.85,GBP,-9.85,GBP,,"3rd Fl Davidson Building, 5 Southampton St. Covent Garden",,aliexpress             London        GBR,,-9.85,
tx_0000AVqhxavGtCQ8V9dcOZ,20/05/2023,14:35:29,Monzo-to-Monzo,Wonderwoman,,General,-12.0,GBP,-12.0,GBP,,,,,,-12.0,
tx_0000AW0YrLDfP8ufOGtvRD,25/05/2023,08:40:37,Card payment,Vape Shop Outlet,üí®,Shopping,-12.48,GBP,-12.48,GBP,,4 - 6 Bridge Street,,VAPE SHOP OUTLET       CAMBRIDGESHIR GBR,,-12.48,
tx_0000AW0b5D5kcTsPe18rs9,25/05/2023,09:05:32,Card payment,JD Sports,üéæ,Shopping,-5.0,GBP,-5.0,GBP,,Queensgate Centre,,J D SPORTS FASHION PLC PETERBOROUGH  GBR,,-5.0,
tx_0000AW0pAIp68WTS9XqrI1,25/05/2023,11:43:19,Card payment,Stagecoach,üöå,General,-2.0,GBP,-2.0,GBP,,Daw Bank,,STGCOACH/CTYLINK       BUS TICKET    GBR,,-2.0,
tx_0000AW0wre5LexRtmAHUby,25/05/2023,13:09:35,Card payment,Ali Express,üõçÔ∏è,Shopping,-26.59,GBP,-26.59,GBP,,"3rd Fl Davidson Building, 5 Southampton St. Covent Garden",,aliexpress             London        GBR,,-26.59,
tx_0000AW1Bmt6BuWdeGFkhYP,25/05/2023,15:56:48,Card payment,Bolt,üöñ,Transport,-6.1,GBP,-6.1,GBP,,Vana-Louna 39,,BOLT.EU/O/2305251556   London        GBR,,-6.1,
tx_0000AW1DyWGCqi88oQ6w7u,25/05/2023,16:21:19,Card payment,Trainline,üöÑ,Transport,-8.2,GBP,-8.2,GBP,,,,Trainline              London        GBR,,-8.2,
tx_0000AW1JrUmAZMWmsbKYQz,25/05/2023,17:27:17,Card payment,Stagecoach,üöå,General,-2.0,GBP,-2.0,GBP,,Daw Bank,,STGCOACH/CTYLINK       BUS TICKET    GBR,,-2.0,
tx_0000AW5sjMiYv5TShRHHhB,27/05/2023,22:16:50,Card payment,ChatGPT Subscription,üíª,Entertainment,-19.5,GBP,-24.0,USD,,548 Market Streetpmb 97273,,CHATGPT SUBSCRIPTION   +14158799686  CA ,,-19.5,
tx_0000AW8pJY9S4Pf8jpVl8z,29/05/2023,08:22:41,Card payment,Shell,üêö‚õΩ,Transport,-38.18,GBP,-38.18,GBP,,LINCOLN ROAD,,SHELL Lincoln Road     Cambridgesh.  GBR,,-38.18,
tx_0000AW8pvujUYsrBjWSHCN,29/05/2023,08:29:37,Card payment,McDonald‚Äôs,üçî,Eating out,-11.96,GBP,-11.96,GBP,,Lincoln Road,,MCDONALDS              PETERBOROUGH  GBR,,-11.96,
tx_0000AW9CPtAj7vrit5Dr2h,29/05/2023,12:41:33,Card payment,APCOA Parking,üöó,Transport,-6.0,GBP,-6.0,GBP,,Southern Perimeter Road,,APCOA-HAL-SS T4        MIDDLESEX     GBR,,-6.0,
tx_0000AW9Yk2mXIzlDjmN5Qw,29/05/2023,16:51:42,Card payment,Ali Express,üõçÔ∏è,Shopping,-8.26,GBP,-8.26,GBP,,"3rd Fl Davidson Building, 5 Southampton St. Covent Garden",,aliexpress             London        GBR,,-8.26,
tx_0000AW9pROXTt3YMTkkq7l,29/05/2023,19:58:49,Card payment,Mnk Bader Close Stores,üçé,Groceries,-5.99,GBP,-5.99,GBP,,1 Bader Close,,MNK*Bader Close Stores Peterborough  GBR,,-5.99,
tx_0000AWFfnglOya1Qzv2mUT,01/06/2023,15:39:03,Card payment,Ali Express,üõçÔ∏è,Shopping,-3.58,GBP,-3.58,GBP,,"3rd Fl Davidson Building, 5 Southampton St. Covent Garden",,aliexpress             London        GBR,,-3.58,
tx_0000AWGzgOlRgtoutko2dO,02/06/2023,06:56:33,Faster payment,Ironman,,Income,100.0,GBP,100.0,GBP,Monzo,,,Monzo,,,100.0
tx_0000AWIi9lzR0Y4GWHtMLx,03/06/2023,02:49:36,Card payment,VOXI,üì± ,Bills,-10.0,GBP,-10.0,GBP,,,,WWW.VOXI.CO.UK         NEWBURY       GBR,,-10.0,
tx_0000AWPfIHCZuHcupgEoUc,06/06/2023,11:20:30,Card payment,Boots,üíä,Personal care,-9.65,GBP,-9.65,GBP,,BRETTON HEALTH CENTRE,,BOOTS 1331             PETERBOROUGH  GBR,,-9.65,
tx_0000AWRs5nUeDxEVHdeIrJ,07/06/2023,12:53:20,Card payment,Halfords,üö≤üöó,Transport,-29.78,GBP,-29.78,GBP,,Mallory Road,,HALFORDS 0822          PETERBOROUGH  GBR,,-29.78,
tx_0000AWRwS89aUQ2VtN6NdJ,07/06/2023,13:42:11,Card payment,Hollywood Bowl,üé≥,Entertainment,-20.0,GBP,-20.0,GBP,,Maylandsave,,NYX*HollywoodBowlGroup Peterborough  GBR,,-20.0,
tx_0000AWRwT2sBbnMTUk4cD4,07/06/2023,13:42:21,Faster payment,Ironman,,Income,50.0,GBP,50.0,GBP,Monzo,,,Monzo,,,50.0
tx_0000AWSJJ0OsFGRkOEBsyQ,07/06/2023,17:58:15,Card payment,sp easyskinz.com,,Shopping,-9.9,GBP,-9.9,GBP,,18 Mafeking Road,,SP EASYSKINZ.COM       +441329289474 GBR,,-9.9,
tx_0000AWTq0Dq3Y4iOWqTY0Z,08/06/2023,11:39:20,Card payment,Ali Express,üõçÔ∏è,Shopping,-13.84,GBP,-13.84,GBP,,"3rd Fl Davidson Building, 5 Southampton St. Covent Garden",,aliexpress             London        GBR,,-13.84,
tx_0000AWZtm1Gv2YNn5CtlGz,11/06/2023,09:49:51,Card payment,Pret,‚òï,Eating out,-7.5,GBP,-7.5,GBP,,Pingle Drive,,PRET A MANGER          OXFORD        GBR,,-7.5,
tx_0000AWa5kZ5NY67qpFZbxh,11/06/2023,12:04:03,Card payment,Tesco,üçè ,Groceries,-7.25,GBP,-7.25,GBP,,Lakeview Drive,,TESCO STORES 4480      BICESTER      GBR,,-7.25,
tx_0000AWmC63EFbTwRrHjCT5,17/06/2023,08:11:42,Card payment,Morrisons,üçè,Groceries,-8.57,GBP,-8.57,GBP,,34-35 Copeland,,NISA LOCAL             PETERBOROUGH  GBR,,-8.57,
tx_0000AWmaPIIGDQZ0mWQyDx,17/06/2023,12:44:06,Card payment,Hollywood Bowl,üé≥,Entertainment,-20.0,GBP,-20.0,GBP,,Maylandsave,,NYX*HollywoodBowlGroup Peterborough  GBR,,-20.0,
tx_0000AWmzp35pqnpgTEwenJ,17/06/2023,17:28:52,Faster payment,Ironman,,Income,20.0,GBP,20.0,GBP,Monzo,,,Monzo,,,20.0
tx_0000AWnJiWzMIczbnU8jXG,17/06/2023,21:11:48,Card payment,Ali Express,üõçÔ∏è,Shopping,-27.69,GBP,-27.69,GBP,,"3rd Fl Davidson Building, 5 Southampton St. Covent Garden",,aliexpress             London        GBR,,-27.69,
tx_0000AWnKXhG1sbR0raHRb8,17/06/2023,21:21:02,Faster payment,Ironman,,Income,28.0,GBP,28.0,GBP,Monzo,,,Monzo,,,28.0
tx_0000AWoTuKJOS1LeJ32Zg9,18/06/2023,10:40:42,Card payment,Sports Direct,üéæ,Shopping,-11.0,GBP,-11.0,GBP,,Bretton Centre,,SPORTSDIRECT 322                     GBR,,-11.0,
tx_0000AWsRVEpAIHNBVggOnJ,20/06/2023,08:32:35,Card payment,Ali Express,üõçÔ∏è,Shopping,26.0,GBP,26.0,GBP,,"3rd Fl Davidson Building, 5 Southampton St. Covent Garden",,"aliexpress\3rd fl Davidson Building, 5 Southampton St. Covent Garden\London\WC2E 7HA  GBRGBR",,,26.0
tx_0000AWuk7qMtLEQlZE5DRh,21/06/2023,11:10:41,Card payment,Bolt,üöñ,Transport,-6.7,GBP,-6.7,GBP,,Vana-Louna 39,,BOLT.EU/O/2306211110   London        GBR,,-6.7,
tx_0000AWuolplNPUDbs0C957,21/06/2023,12:02:44,Monzo-to-Monzo,Supergirl,,General,-13.0,GBP,-13.0,GBP,,,,,,-13.0,
tx_0000AWvkuEgERo9mQxciy9,21/06/2023,22:54:09,Card payment,Stagecoach,üöå,General,-2.0,GBP,-2.0,GBP,,Daw Bank,,STGCOACH/CTYLINK       BUS TICKET    GBR,,-2.0,
tx_0000AX0lZqE2jPMWyFFFqr,24/06/2023,08:55:13,Faster payment,Ironman,,Income,50.0,GBP,50.0,GBP,Monzo,,,Monzo,,,50.0
tx_0000AX0lbfTXfd007h3H4F,24/06/2023,08:55:33,Card payment,Costa Coffee,‚òï,Eating out,-13.1,GBP,-13.1,GBP,,Grand Arcade,,COSTA COFFEE 43010603  CAMBRIDGE     GBR,,-13.1,
tx_0000AX88apLl87pV71YsFd,27/06/2023,22:16:05,Card payment,ChatGPT Subscription,üíª,Entertainment,-18.9,GBP,-24.0,USD,,,,CHATGPT SUBSCRIPTION   +14158799686  USA,,-18.9,
tx_0000AX8BxAPxmSvr0NpFsP,27/06/2023,22:53:44,Card payment,Dropship.io,üíª,Entertainment,0.0,GBP,0.0,GBP,Active card check,,,DROPSHIP.IO            181-821-3175  SWE,,0.0,
tx_0000AX8Bxf7Fe4p9VgZfKT,27/06/2023,22:53:50,Card payment,Dropship.io,üíª,Entertainment,0.0,GBP,0.0,GBP,Active card check,,,DROPSHIP.IO            181-821-3175  SWE,,0.0,
tx_0000AX8C0B1zxMCiMxzDNp,27/06/2023,22:54:17,Card payment,Dropship.io,üíª,Entertainment,-0.79,GBP,-1.0,USD,,1 Fore Street,,DROPSHIP.IO            CANARY WHARF  SWE,,-0.79,
tx_0000AX8C0WJQpijn4idOOA,27/06/2023,22:54:21,Card payment,Bluesnap Us Dollar,üíª,General,0.79,GBP,1.0,USD,,,,BLUESNAP US DOLLAR     CANARY WHARF  GBR,,,0.79
tx_0000AX8fqf3gSU6vE59ZWj,28/06/2023,04:28:43,Card payment,Apple,üçé ,Entertainment,-4.99,GBP,-4.99,GBP,,,,APPLE.COM/BILL         APPLE.COM/BIL IRL,,-4.99,
tx_0000AX9AeFrbP4qyzQOf0T,28/06/2023,10:13:50,Card payment,Hollywood Bowl,üé≥,Entertainment,-20.0,GBP,-20.0,GBP,,Mainstreet,,NYX*HollywoodBowlGroup Peterborough  GBR,,-20.0,
tx_0000AXDM04ruq6XTQYvk1s,30/06/2023,10:39:52,Card payment,NCP Car Parks,üöó üÖøÔ∏è,Transport,0.0,GBP,0.0,GBP,Active card check,Saffron Court14b St. Cross Street,,MY NCP PARKING         +443450507080 GBR,,0.0,
tx_0000AXDQtz5ttYQ6gFNU4P,30/06/2023,11:34:48,Card payment,NCP Car Parks,üöó üÖøÔ∏è,Transport,-1.45,GBP,-1.45,GBP,,Saffron Court14b St. Cross Street,,MY NCP PARKING         +443450507080 GBR,,-1.45,
tx_0000AXJVQQIDs7FRuUYqLB,03/07/2023,09:53:45,Card payment,VOXI,üì± ,Bills,0.0,GBP,0.0,GBP,Active card check,,,WWW.VOXI.CO.UK         NEWBURY       GBR,,0.0,
tx_0000AXKrXnH7DPHfWRB1OM,04/07/2023,01:36:18,Card payment,VOXI,üì± ,Bills,-10.0,GBP,-10.0,GBP,,,,WWW.VOXI.CO.UK         NEWBURY       GBR,,-10.0,
tx_0000AXLyox178rVGF0cGUD,04/07/2023,14:32:33,Card payment,Luxemistco,üõã,Shopping,-6.0,GBP,-6.0,GBP,,84 Tirrington Bretton,,LUXEMISTCO             +447443383302 GBR,,-6.0,
tx_0000AXLzHX3siqje1KDEAc,04/07/2023,14:37:43,Card payment,Luxemistco,üõã,Shopping,5.5,GBP,5.5,GBP,,84 Tirrington Bretton,,LUXEMISTCO             +447443383302 GBR,,,5.5
tx_0000AXLzLSNo3jvsmtjL6n,04/07/2023,14:38:25,Monzo-to-Monzo,Superman,,General,20.0,GBP,20.0,GBP,,,,,,,20.0
tx_0000AXPuc8eqvZHgVByWdV,06/07/2023,12:04:16,Card payment,NCP Car Parks,üöó üÖøÔ∏è,Transport,-1.45,GBP,-1.45,GBP,,Saffron Court14b St. Cross Street,,MY NCP PARKING         +443450507080 GBR,,-1.45,
tx_0000AXYJfq0qFCkwH9muZt,10/07/2023,13:22:45,Card payment,NCP Car Parks,üöó üÖøÔ∏è,Transport,-1.45,GBP,-1.45,GBP,,Saffron Court14b St. Cross Street,,MY NCP PARKING         +443450507080 GBR,,-1.45,
tx_0000AXYOmc80lRHnQ48rRZ,10/07/2023,14:20:00,Card payment,TK Maxx,üëïüëó,Shopping,-4.99,GBP,-4.99,GBP,,62 Bridge Street,,TK MAXX                PETERBOROUGH  GBR,,-4.99,
tx_0000AXZkDo1quyw4wgsmEl,11/07/2023,05:54:55,Faster payment,Ironman,,Income,50.0,GBP,50.0,GBP,Monzo,,,Monzo,,,50.0
tx_0000AXcCv0ksfE1DcSsLZc,12/07/2023,10:25:54,Card payment,NCP Car Parks,üöó üÖøÔ∏è,Transport,-2.9,GBP,-2.9,GBP,,Saffron Court14b St. Cross Street,,MY NCP PARKING         +443450507080 GBR,,-2.9,
tx_0000AXcGpaOZdoXvW33JWV,12/07/2023,11:09:44,Card payment,WHSmith,üì∞,Groceries,-1.75,GBP,-1.75,GBP,,32-36 Bridge Street,,WH Smith Peterb        PE1 1DP PE    GBR,,-1.75,
tx_0000AXiPwQbyTroypsyd9N,15/07/2023,10:20:05,Card payment,Oakdene 701,üçé,Groceries,-7.77,GBP,-7.77,GBP,,"J & J Wilson Supermarket,",,"OAKDENE 701            ST LEONARDS,  GBR",,-7.77,
tx_0000AXkbdF8GWUu8EhLuFu,16/07/2023,11:40:30,Card payment,KFC,üêîüçó,Eating out,-12.76,GBP,-12.76,GBP,,"Fleet Service Area Welcome Break M3 Motorway, Hartley Wintney, Basingstoke",,WELCOME BREAK KFC      FLEET NORTH   GBR,,-12.76,
tx_0000AXmpGAJo2fgi17ZIAN,17/07/2023,13:22:37,Card payment,Ali Express,üõçÔ∏è,Shopping,-17.83,GBP,-17.83,GBP,,"3rd Fl Davidson Building, 5 Southampton St. Covent Garden",,aliexpress             London        GBR,,-17.83,
tx_0000AXr9O5VAbs7pmn8tGs,19/07/2023,15:27:00,Monzo-to-Monzo,Superman,,General,50.0,GBP,50.0,GBP,,,,,,,50.0
tx_0000AXr9pn9cQ4Ln2RVvaj,19/07/2023,15:32:00,Card payment,Transport for London,üöÜ,Transport,-1.75,GBP,-1.75,GBP,"Travel charge for Wednesday, 19 Jul","Windsor House, 42-50 Victoria Street",,TfL Travel Charge      TFL.gov.uk/CP GBR,,-1.75,
tx_0000AXrGmEpAIfSTVtsK6U,19/07/2023,16:49:48,Card payment,Transport for London,üöÜ,Transport,-5.6,GBP,-5.6,GBP,"Travel charge for Wednesday, 19 Jul","Windsor House, 42-50 Victoria Street",,TfL Travel Charge      TFL.gov.uk/CP GBR,,-5.6,
tx_0000AXuduifQ6rr77zgYu9,21/07/2023,07:53:11,Card payment,Morrisons,üçè,Groceries,-5.49,GBP,-5.49,GBP,,34-35 Copeland,,NISA LOCAL             PETERBOROUGH  GBR,,-5.49,
tx_0000AXx2OHZCDeZVPjQxKU,22/07/2023,11:36:52,Card payment,Euro Car Parts,üöó,Transport,-24.84,GBP,-24.84,GBP,,,,EURO CAR PARTS P       PETERBOROUGH  GBR,,-24.84,
tx_0000AXxBG4CQvuLcrqp77i,22/07/2023,13:16:14,Monzo-to-Monzo,Superman,,General,25.0,GBP,25.0,GBP,,,,,,,25.0
tx_0000AXxO4LlD7CtdNMv2On,22/07/2023,15:39:47,Monzo-to-Monzo,Wonderwoman,,General,-11.0,GBP,-11.0,GBP,,,,,,-11.0,
tx_0000AXyzDh5x3PvvQLp9hy,23/07/2023,10:10:46,Card payment,Sainsbury‚Äôs,üçè,Groceries,-20.45,GBP,-20.45,GBP,,Bretton Centre,,SAINSBURYS             PETERBOROUGH  GBR,,-20.45,
tx_0000AXyzoxggKK4FHFId1d,23/07/2023,10:17:30,Faster payment,Ironman,,Transfers,21.0,GBP,21.0,GBP,Monzo,,,Monzo,,,21.0
tx_0000AXz1odw3xoGg02Bcfq,23/07/2023,10:39:51,Card payment,NCP Car Parks,üöó üÖøÔ∏è,Transport,-1.45,GBP,-1.45,GBP,,Saffron Court14b St. Cross Street,,MY NCP PARKING         +443450507080 GBR,,-1.45,
tx_0000AY171Il0u3OmYjSQrJ,24/07/2023,10:47:35,Card payment,Morrisons,üçè,Groceries,-5.49,GBP,-5.49,GBP,,34-35 Copeland,,NISA LOCAL             PETERBOROUGH  GBR,,-5.49,
tx_0000AY4QC6G0CSJShCYOeX,26/07/2023,01:06:34,Card payment,Quillbot,üíª‚úçÔ∏è,General,-15.58,GBP,-19.95,USD,,1105 Midwest Club,,QUILLBOT               +18339821803  USA,,-15.58,
tx_0000AY5slkniRWMvO54P8z,26/07/2023,18:01:28,Card payment,Bolt,üöñ,Transport,-8.6,GBP,-8.6,GBP,,Vana-Louna 39,,BOLT.EU/O/2307261800   London        GBR,,-8.6,
tx_0000AY61u10MymKLTLPm0R,26/07/2023,19:43:48,Card payment,Bolt,üöñ,Transport,-8.6,GBP,-8.6,GBP,,Vana-Louna 39,,BOLT.EU/O/2307261943   London        GBR,,-8.6,
tx_0000AY7AU9n8mXripR219H,27/07/2023,08:54:41,Card payment,Dart Charge,üöó,Transport,-2.5,GBP,-2.5,GBP,,"Asgard House, 2 Hayward B",,WWW.GOV.UK/PAY-DARTFOR HAVANT        GBR,,-2.5,
tx_0000AY7bjv10BYLDFh2suP,27/07/2023,14:00:04,Card payment,Morrisons,üçè,Groceries,-5.97,GBP,-5.97,GBP,,34-35 Copeland,,NISA LOCAL             PETERBOROUGH  GBR,,-5.97,
tx_0000AY8ARHdBNBZhNTiilV,27/07/2023,20:28:53,Card payment,Apple,üçé ,Entertainment,-4.99,GBP,-4.99,GBP,,,,APPLE.COM/BILL         APPLE.COM/BIL IRL,,-4.99,
tx_0000AY8zhl2msaAlXhAREn,28/07/2023,06:03:18,Faster payment,Ironman,,Transfers,100.0,GBP,100.0,GBP,Monzo,,,Monzo,,,100.0
tx_0000AY97qTQUY9renYnXAP,28/07/2023,07:34:31,Card payment,Trainline,üöÑ,Transport,-56.95,GBP,-56.95,GBP,,,,Trainline              London        GBR,,-56.95,
tx_0000AY99PwIHJT8e3Mb3TO,28/07/2023,07:52:08,Card payment,Stagecoach,üöå,General,-2.0,GBP,-2.0,GBP,,Daw Bank,,STGCOACH/CTYLINK       BUS TICKET    GBR,,-2.0,
tx_0000AY9VgmPrUNjLawYLir,28/07/2023,12:01:42,Card payment,Starbucks,‚òï,Eating out,-9.7,GBP,-9.7,GBP,,Station Square,,STARBUCKS              COVENTRY RAIL GBR,,-9.7,
tx_0000AYADZlAI8dnVAS2vlD,28/07/2023,20:13:27,Card payment,NCP Car Parks,üöó üÖøÔ∏è,Transport,-2.9,GBP,-2.9,GBP,,Saffron Court14b St. Cross Street,,MY NCP PARKING         +443450507080 GBR,,-2.9,
tx_0000AYAKp711scpRuPeYKH,28/07/2023,21:34:39,Card payment,Vaping Paradise,üí®,Shopping,-20.0,GBP,-20.0,GBP,,20 Westgate,,Vaping Paradise        Peterborough  GBR,,-20.0,
tx_0000AYBMoI09wWiRlWQgDZ,29/07/2023,09:31:38,Card payment,ChatGPT Subscription,üíª,Entertainment,-15.67,GBP,-20.0,USD,,,,CHATGPT SUBSCRIPTION   +14158799686  USA,,-15.67,
tx_0000AYBoDazdAShuI3GEmw,29/07/2023,14:38:44,Faster payment,Ironman,,Transfers,50.0,GBP,50.0,GBP,Monzo,,,Monzo,,,50.0
tx_0000AYBp6Du4iSEF2VgW1a,29/07/2023,14:48:36,Card payment,ATM,üíµ,Finances,0.0,GBP,0.0,GBP,Balance check,34-35 Copeland,,34-35 COPELAND CENTRE  Peterborough  GBR,,0.0,
tx_0000AYBp7LVLwLfg5atxwX,29/07/2023,14:48:49,Card payment,ATM,üíµ,Finances,-10.0,GBP,-10.0,GBP,,34-35 Copeland,,34-35 COPELAND CENTRE  Peterborough  GBR,,-10.0,
tx_0000AYDra2v8hdAZHSsZ7J,30/07/2023,14:25:50,Card payment,Morrisons,üçè,Groceries,-2.58,GBP,-2.58,GBP,,34-35 Copeland,,NISA LOCAL             PETERBOROUGH  GBR,,-2.58,
tx_0000AYH3PlXKGNPQblseFV,01/08/2023,03:22:34,Card payment,VOXI,üì± ,Bills,-10.0,GBP,-10.0,GBP,,,,WWW.VOXI.CO.UK         NEWBURY       GBR,,-10.0,
tx_0000AYHlno2R0dlZswbv4j,01/08/2023,11:39:56,Card payment,NCP Car Parks,üöó üÖøÔ∏è,Transport,-1.45,GBP,-1.45,GBP,,Saffron Court14b St. Cross Street,,MY NCP PARKING         +443450507080 GBR,,-1.45,
tx_0000AYJveyk7EDiSjGsqMj,02/08/2023,12:39:49,Card payment,Spices World,üçé,Groceries,-3.04,GBP,-3.04,GBP,,65 Ledbury Road,,SPICES WORLD           PETERBOROUGH  GBR,,-3.04,
tx_0000AYQ7DjRyLK0VfMHLXt,05/08/2023,12:17:37,Card payment,NCP Car Parks,üöó üÖøÔ∏è,Transport,-1.45,GBP,-1.45,GBP,,Saffron Court14b St. Cross Street,,MY NCP PARKING         +443450507080 GBR,,-1.45,
tx_0000AYS72JOXGSqNAdYPRp,06/08/2023,11:24:58,Card payment,Nines Global Buffet,üç¥üç∏ ,Eating out,-10.8,GBP,-10.8,GBP,,30 Clifton Road,,NINES GLOBAL BUFFET    CAMBRIDGE     GBR,,-10.8,
tx_0000AYS7AFnMX0s9JwEMde,06/08/2023,11:26:25,Card payment,Nines Global Buffet,üç¥üç∏ ,Eating out,-3.6,GBP,-3.6,GBP,,30 Clifton Road,,NINES GLOBAL BUFFET    CAMBRIDGE     GBR,,-3.6,
tx_0000AYUC5EfGCDxT5IlDOr,07/08/2023,11:30:57,Faster payment,Ironman,,Transfers,50.0,GBP,50.0,GBP,Monzo,,,Monzo,,,50.0
tx_0000AYUEJ6EuW5B1thMcIk,07/08/2023,11:55:52,Card payment,Selecta,üç¨,Eating out,-2.1,GBP,-2.1,GBP,,48 High Street,,Selecta U.K. Limited   South Ruislip GBR,,-2.1,
tx_0000AYUFheKnVHyfHKauOH,07/08/2023,12:11:30,Card payment,Transport for London,üöÜ,Transport,-8.1,GBP,-8.1,GBP,"Travel charge for Monday, 7 Aug","Windsor House, 42-50 Victoria Street",,TfL Travel Charge      TFL.gov.uk/CP GBR,,-8.1,
tx_0000AYUXuQ2pk5qONsBX9e,07/08/2023,15:35:30,Card payment,ODEON,üé•,Entertainment,-3.15,GBP,-3.15,GBP,,22 Leicester Square,,ODEON Luxe Leicester S London        GBR,,-3.15,
tx_0000AYUdpSuWG7kziqur3p,07/08/2023,16:41:50,Card payment,Planet Food Store,üçé,Groceries,-4.83,GBP,-4.83,GBP,,York Road,,PLANET FOOD STORE      LONDON        GBR,,-4.83,
tx_0000AYUf0F93sXernRxcpN,07/08/2023,16:55:00,Card payment,Planet Food Store,üçé,Groceries,-3.28,GBP,-3.28,GBP,,York Road,,PLANET FOOD STORE      LONDON        GBR,,-3.28,
tx_0000AYVyoIoEcf8eNUllqc,08/08/2023,08:11:39,Card payment,Co-op,üçè,Groceries,-4.75,GBP,-4.75,GBP,,Chatfield Road,,CO-OP GROUP FOOD       LONDON        GBR,,-4.75,
tx_0000AYY80xAnfDQG06aUok,09/08/2023,09:04:12,Card payment,Greggs,ü•ñ,Eating out,-6.15,GBP,-6.15,GBP,,Hounslow TW5 9NB,,"HESTON S/W GREGGS      HOUNSLOW, MID GBR",,-6.15,
tx_0000AYb42jkoi4ONVDggvh,10/08/2023,19:03:50,Card payment,The Urban Reef,üç∏,Entertainment,-10.5,GBP,-10.5,GBP,,Undercliff Drive,,THE URBAN REEF         BOSCOMBE      GBR,,-10.5,
tx_0000AYcaCBmRGndN71TjFb,11/08/2023,12:38:49,Faster payment,Ironman,,Transfers,50.0,GBP,50.0,GBP,Monzo,,,Monzo,,,50.0
tx_0000AYcaCXa8DFhLEpeGBe,11/08/2023,12:38:53,Card payment,Greggs,ü•ñ,Eating out,-4.2,GBP,-4.2,GBP,,Radwell,,BALDOCK N/E GREGGS     HERTFORDSHIRE GBR,,-4.2,
tx_0000AYg4RdruhWBTBAxjwP,13/08/2023,05:01:54,Card payment,Comptoir Libanais,üçä,Eating out,-9.98,GBP,-9.98,GBP,,Bassingbourn Road,,HMSHost Stansted Airpo London        GBR,,-9.98,
tx_0000AYgHnk2Pk6oOYFR5s2,13/08/2023,07:31:33,Card payment,McDonald‚Äôs,üçî,Eating out,-13.38,GBP,-13.38,GBP,,A1,,MCDONALDS              CAMBRIDGESHIR GBR,,-13.38,
tx_0000AYgfA4rxGqRS2mSeX3,13/08/2023,11:53:18,Card payment,Jollibee,üçó,Eating out,-6.97,GBP,-6.97,GBP,,22 Leicester Square,,Jollibee                GREAT BRITAI GBR,,-6.97,
tx_0000AYhHuoBCw6QOa9sXbd,13/08/2023,19:07:33,Card payment,LNER,üöÖ,Transport,-7.5,GBP,-7.5,GBP,,Station Road,,LNER CAR PARK PBO      PETERBOROUGH  GBR,,-7.5,
tx_0000AYhmg0gvEXmr9rRWC2,14/08/2023,00:52:14,Card payment,Transport for London,üöÜ,Transport,-8.1,GBP,-8.1,GBP,"Travel charge for Sunday, 13 Aug","Windsor House, 42-50 Victoria Street",,TfL Travel Charge      TFL.gov.uk/CP GBR,,-8.1,
tx_0000AYiSdoQU3mkmjIg7FJ,14/08/2023,08:42:26,Faster payment,Ironman,,Transfers,230.0,GBP,230.0,GBP,Monzo,,,Monzo,,,230.0
tx_0000AYj83qvpSm5kjmY6hl,14/08/2023,16:26:33,Card payment,Domino‚Äôs,üçï,Eating out,-39.98,GBP,-39.98,GBP,,,,DOMINO'S PIZZA         MILTON KEYNES GBR,,-39.98,
tx_0000AYjA7UJVhMNYdcWkFe,14/08/2023,16:49:37,Card payment,Poundland LTD - 1532,,Groceries,-6.5,GBP,-6.5,GBP,,Bretton Way,,POUNDLAND LTD - 1532   PETERBOROUGH  GBR,,-6.5,
tx_0000AYkx3FlqurSgAtXRrO,15/08/2023,13:32:37,Card payment,NCP Car Parks,üöó üÖøÔ∏è,Transport,-1.45,GBP,-1.45,GBP,,Saffron Court14b St. Cross Street,,MY NCP PARKING         +443450507080 GBR,,-1.45,
tx_0000AYlFT1OmlvOEprsjZJ,15/08/2023,16:58:57,Card payment,Sainsbury‚Äôs,üçè,Groceries,-40.3,GBP,-40.3,GBP,,Bretton Centre,,SAINSBURYS             PETERBOROUGH  GBR,,-40.3,
tx_0000AYmuSatpaPUI6Oingo,16/08/2023,12:13:00,Card payment,NCP Car Parks,üöó üÖøÔ∏è,Transport,-1.45,GBP,-1.45,GBP,,Saffron Court14b St. Cross Street,,MY NCP PARKING         +443450507080 GBR,,-1.45,
tx_0000AYn2n1OjZfyok9RSjp,16/08/2023,13:46:20,Card payment,Greggs,ü•ñ,Eating out,-11.85,GBP,-11.85,GBP,,Serpentine Green Shopping Centre,,GREGGS                 PETERBOROUGH  GBR,,-11.85,
tx_0000AYn3RZzsM5KkUQI9Cb,16/08/2023,13:53:40,Card payment,Greggs,ü•ñ,Eating out,-1.95,GBP,-1.95,GBP,,Serpentine Green Shopping Centre,,GREGGS                 PETERBOROUGH  GBR,,-1.95,
tx_0000AYn90oIjfEBPgb67U1,16/08/2023,14:56:03,Card payment,Hollywood Bowl,üé≥,Entertainment,-20.0,GBP,-20.0,GBP,,Mainstreet,,NYX*HollywoodBowlGroup Peterborough  GBR,,-20.0,
tx_0000AYp7GWumGN3ienp2GX,17/08/2023,13:45:54,Card payment,Subway,ü•ñ,Eating out,-21.05,GBP,-21.05,GBP,,Unit 3,,SUBWAY 66053 Bretton C Peterborough  GBR,,-21.05,
tx_0000AYp9xRCdZj0hcAfumg,17/08/2023,14:16:04,Card payment,Poundland LTD - 1532,,Groceries,-34.5,GBP,-34.5,GBP,,Bretton Way,,POUNDLAND LTD - 1532   PETERBOROUGH  GBR,,-34.5,
tx_0000AYpCphBMa0mhH2LGJF,17/08/2023,14:48:17,Card payment,Sainsbury‚Äôs,üçè,Groceries,-11.9,GBP,-11.9,GBP,,Bretton Centre,,SAINSBURYS             PETERBOROUGH  GBR,,-11.9,
tx_0000AYpiFCO0nZ1r95s6qI,17/08/2023,20:40:15,Card payment,Sainsbury‚Äôs,üçè,Groceries,-6.0,GBP,-6.0,GBP,,Bretton Centre,,J. SAINSBURY           NEW BRETTON   GBR,,-6.0,
tx_0000AYrFf8xZeSzIZ4qGUz,18/08/2023,14:29:25,Card payment,Evapo ,üí®,Shopping,-5.99,GBP,-5.99,GBP,,35 MARKETPLACE,,VAPESHIFTERS LTD       SURREY        GBR,,-5.99,
tx_0000AYrg18HZRsrGnr7AxO,18/08/2023,19:24:43,Card payment,Morrisons,üçè,Groceries,-6.74,GBP,-6.74,GBP,,34-35 Copeland,,NISA LOCAL             PETERBOROUGH  GBR,,-6.74,
tx_0000AYtlmEUR4ikBFhP0LZ,19/08/2023,19:38:41,Card payment,NCP Car Parks,üöó üÖøÔ∏è,Transport,-1.45,GBP,-1.45,GBP,,Saffron Court14b St. Cross Street,,MY NCP PARKING         +443450507080 GBR,,-1.45,
tx_0000AYtubAJFB2mPBmtQh7,19/08/2023,21:17:31,Card payment,Vaping Paradise,üí®,Shopping,-20.0,GBP,-20.0,GBP,,20 Westgate,,Vaping Paradise        Peterborough  GBR,,-20.0,
tx_0000AYtxnAl1dWnaIEqfab,19/08/2023,21:53:19,Monzo-to-Monzo,Superman,,General,10.0,GBP,10.0,GBP,,,,,,,10.0
tx_0000AYvXytiEct2GKwmEXh,20/08/2023,16:13:31,Faster payment,Ironman,,Transfers,50.0,GBP,50.0,GBP,Monzo,,,Monzo,,,50.0
tx_0000AYvf7itstU8iQ0ojo1,20/08/2023,17:33:33,Card payment,Burger King,üçîüëë,Eating out,-30.55,GBP,-30.55,GBP,,Stansted Airport,,BURGER KING            STANSTED      GBR,,-30.55,
tx_0000AYxjm2sSpLZGDEtIe1,21/08/2023,17:35:05,Card payment,McColl‚Äôs,üçè,Groceries,-2.85,GBP,-2.85,GBP,,6 Market Square,,MARTIN MCCOLL'S        SANDY         GBR,,-2.85,
tx_0000AYxvXFkBuFj5m3xkPa,21/08/2023,19:46:52,Card payment,McDonald‚Äôs,üçî,Eating out,-3.98,GBP,-3.98,GBP,,A1,,MCDONALDS              CAMBRIDGESHIR GBR,,-3.98,
tx_0000AYytDVIANsHXSBGlee,22/08/2023,06:55:36,Monzo-to-Monzo,Wonderwoman,,General,-25.0,GBP,-25.0,GBP,,,,,,-25.0,
tx_0000AYzRK5mj0wWkcn2XBJ,22/08/2023,13:17:46,Card payment,NCP Car Parks,üöó üÖøÔ∏è,Transport,-1.45,GBP,-1.45,GBP,,Saffron Court14b St. Cross Street,,MY NCP PARKING         +443450507080 GBR,,-1.45,
tx_0000AYzUlhUvCrXl0hwOIb,22/08/2023,13:56:22,Card payment,McDonald‚Äôs,üçî,Eating out,-4.87,GBP,-4.87,GBP,,57/58 Queensgate Centre,,MCDONALDS              PETERBOROUGH  GBR,,-4.87,
tx_0000AZ5oQ9bPCJQHrZPEun,25/08/2023,15:04:50,Card payment,Morrisons,üçè,Groceries,-3.04,GBP,-3.04,GBP,,34-35 Copeland,,NISA LOCAL             PETERBOROUGH  GBR,,-3.04,
tx_0000AZ6AI2DGz7rNkL1JGD,25/08/2023,19:09:53,Card payment,NCP Car Parks,üöó üÖøÔ∏è,Transport,-1.45,GBP,-1.45,GBP,,Saffron Court14b St. Cross Street,,MY NCP PARKING         +443450507080 GBR,,-1.45,
tx_0000AZ7VbQFC9eTiWpJUEF,26/08/2023,10:43:24,Card payment,NCP Car Parks,üöó üÖøÔ∏è,Transport,-0.95,GBP,-0.95,GBP,,Saffron Court14b St. Cross Street,,MY NCP PARKING         +443450507080 GBR,,-0.95,
tx_0000AZ8QchQrQh5Ib1nTRR,26/08/2023,21:22:19,Faster payment,Ironman,,Transfers,50.0,GBP,50.0,GBP,Monzo,,,Monzo,,,50.0
tx_0000AZAQQhTXpcqEFPPIx8,27/08/2023,20:29:35,Card payment,Apple,üçé ,Entertainment,-4.99,GBP,-4.99,GBP,,,,APPLE.COM/BILL         APPLE.COM/BIL IRL,,-4.99,
tx_0000AZDijYRxzeBXrkh517,29/08/2023,10:38:48,Card payment,ChatGPT Subscription,üíª,Entertainment,-19.1,GBP,-24.0,USD,,,,CHATGPT SUBSCRIPTION   +14158799686  USA,,-19.1,
tx_0000AZH7qHJhAqRdT2RAav,31/08/2023,02:04:17,Card payment,VOXI,üì± ,Bills,-10.0,GBP,-10.0,GBP,,,,WWW.VOXI.CO.UK         NEWBURY       GBR,,-10.0,
tx_0000AZQExrMbzwXg0UxPdZ,04/09/2023,11:36:29,Card payment,Apple,üçé ,Entertainment,-4.99,GBP,-4.99,GBP,,,,APPLE.COM/BILL         APPLE.COM/BIL IRL,,-4.99,
tx_0000AZcWbqXGWht2t2JvA9,10/09/2023,09:50:44,Card payment,Aldi,üçè,Groceries,-0.99,GBP,-0.99,GBP,,Flaxland,,ALDI                   PETERBOROUGH  GBR,,-0.99,
tx_0000AZgj3ahQyS1F41Rhkz,12/09/2023,10:29:03,Card payment,Cu Carparks,üè´,Bills,-1.0,GBP,-1.0,GBP,,"AL211, ALMA STREET",,CU CARPARKS            COVENTRY      GBR,,-1.0,
tx_0000AZiwJWIsm12KvozJ2Y,13/09/2023,12:07:01,Card payment,Apple,üçé ,Entertainment,0.0,GBP,0.0,GBP,Active card check,,,APPLE.COM/BILL         APPLE.COM/BIL IRL,,0.0,
tx_0000AZl8gNa4xQqaEwBl33,14/09/2023,13:35:02,Card payment,Morrisons,üçè,Groceries,-4.28,GBP,-4.28,GBP,,34-35 Copeland,,NISA LOCAL             PETERBOROUGH  GBR,,-4.28,
tx_0000AZp5yvrehyyExh2Ya1,16/09/2023,11:23:37,Faster payment,Ironman,,Transfers,50.0,GBP,50.0,GBP,Monzo,,,Monzo,,,50.0
tx_0000AZpNwrsgLWf6kck1aN,16/09/2023,14:44:56,Card payment,Dart Charge,üöó,Transport,-2.5,GBP,-2.5,GBP,,"Asgard House, 2 Hayward B",,WWW.GOV.UK/PAY-DARTFOR HAVANT        GBR,,-2.5,
tx_0000AZpVFqxMhsmojijnKk,16/09/2023,16:06:48,Card payment,Trainline,üöÑ,Transport,-5.8,GBP,-5.8,GBP,,,,Trainline.com Ltd      London        GBR,,-5.8,
tx_0000AZpeGM3fyDH0bZ1SR0,16/09/2023,17:47:44,Card payment,Morrisons,üçè,Groceries,-7.23,GBP,-7.23,GBP,,34-35 Copeland,,NISA LOCAL             PETERBOROUGH  GBR,,-7.23,
tx_0000AZpm2MEbJkrrgt5YNV,16/09/2023,19:14:51,Card payment,Stagecoach,üöå,General,-2.0,GBP,-2.0,GBP,,Daw Bank,,STGCOACH/CTYLINK       BUS TICKET    GBR,,-2.0,
tx_0000AZpnDie2R9NLqp3UkF,16/09/2023,19:28:06,Faster payment,Ironman,,Transfers,20.0,GBP,20.0,GBP,Monzo,,,Monzo,,,20.0
tx_0000Aa3rQnUCrrIvt3mT21,23/09/2023,14:21:15,Faster payment,Aquaman,,General,-20.0,GBP,-20.0,GBP,T Musenko,,,T Musenko,,-20.0,
tx_0000Aa3udq40taTvw81WMr,23/09/2023,14:57:13,Card payment,B&Q,üõ†Ô∏è,Shopping,-15.0,GBP,-15.0,GBP,,Maskew Avenue,,B & Q PLC              PETERBOROUGH  GBR,,-15.0,
